-- 1.Заполнить все таблицы БД vk данными (по 10-100 записей в каждой таблице)

-- MariaDB dump 10.17  Distrib 10.4.15-MariaDB, for Linux (x86_64)
--
-- Host: mysql.hostinger.ro    Database: u574849695_24
-- ------------------------------------------------------
-- Server version	10.4.15-MariaDB-cll-lve

/*!40101 SET @OLD_CHARACTER_SET_CLIENT=@@CHARACTER_SET_CLIENT */;
/*!40101 SET @OLD_CHARACTER_SET_RESULTS=@@CHARACTER_SET_RESULTS */;
/*!40101 SET @OLD_COLLATION_CONNECTION=@@COLLATION_CONNECTION */;
/*!40101 SET NAMES utf8mb4 */;
/*!40103 SET @OLD_TIME_ZONE=@@TIME_ZONE */;
/*!40103 SET TIME_ZONE='+00:00' */;
/*!40014 SET @OLD_UNIQUE_CHECKS=@@UNIQUE_CHECKS, UNIQUE_CHECKS=0 */;
/*!40014 SET @OLD_FOREIGN_KEY_CHECKS=@@FOREIGN_KEY_CHECKS, FOREIGN_KEY_CHECKS=0 */;
/*!40101 SET @OLD_SQL_MODE=@@SQL_MODE, SQL_MODE='NO_AUTO_VALUE_ON_ZERO' */;
/*!40111 SET @OLD_SQL_NOTES=@@SQL_NOTES, SQL_NOTES=0 */;

--
-- Table structure for table `communities`
--
DROP DATABASE IF EXISTS vk;
CREATE DATABASE vk;
USE vk;

DROP TABLE IF EXISTS `communities`;
/*!40101 SET @saved_cs_client     = @@character_set_client */;
/*!40101 SET character_set_client = utf8 */;
CREATE TABLE `communities` (
  `id` bigint(20) unsigned NOT NULL AUTO_INCREMENT,
  `name` varchar(150) COLLATE utf8mb4_unicode_ci DEFAULT NULL,
  `admin_user_id` bigint(20) unsigned NOT NULL,
  UNIQUE KEY `id` (`id`),
  KEY `communities_name_idx` (`name`),
  KEY `admin_user_id` (`admin_user_id`),
  CONSTRAINT `communities_ibfk_1` FOREIGN KEY (`admin_user_id`) REFERENCES `users` (`id`)
) ENGINE=InnoDB AUTO_INCREMENT=101 DEFAULT CHARSET=utf8mb4 COLLATE=utf8mb4_unicode_ci;
/*!40101 SET character_set_client = @saved_cs_client */;

--
-- Dumping data for table `communities`
--

LOCK TABLES `communities` WRITE;
/*!40000 ALTER TABLE `communities` DISABLE KEYS */;
INSERT INTO `communities` VALUES (1,'laboriosam',1),(2,'quod',2),(3,'deleniti',3),(4,'molestias',4),(5,'praesentium',5),(6,'eaque',6),(7,'molestiae',7),(8,'officia',8),(9,'soluta',9),(10,'praesentium',10),(11,'consectetur',11),(12,'dicta',12),(13,'nostrum',13),(14,'aspernatur',14),(15,'harum',15),(16,'ratione',16),(17,'culpa',17),(18,'dolore',18),(19,'doloremque',19),(20,'placeat',20),(21,'quam',21),(22,'non',22),(23,'rerum',23),(24,'eligendi',24),(25,'quo',25),(26,'molestiae',26),(27,'unde',27),(28,'iusto',28),(29,'ipsam',29),(30,'iusto',30),(31,'ut',31),(32,'nihil',32),(33,'corrupti',33),(34,'eligendi',34),(35,'ipsa',35),(36,'omnis',36),(37,'commodi',37),(38,'consequatur',38),(39,'eos',39),(40,'magnam',40),(41,'qui',41),(42,'explicabo',42),(43,'laboriosam',43),(44,'sunt',44),(45,'et',45),(46,'perspiciatis',46),(47,'nulla',47),(48,'et',48),(49,'magni',49),(50,'necessitatibus',50),(51,'quod',51),(52,'laborum',52),(53,'sit',53),(54,'magni',54),(55,'quia',55),(56,'quasi',56),(57,'ut',57),(58,'repellat',58),(59,'ut',59),(60,'facere',60),(61,'accusantium',61),(62,'ex',62),(63,'aliquid',63),(64,'sit',64),(65,'aut',65),(66,'voluptates',66),(67,'maiores',67),(68,'pariatur',68),(69,'ut',69),(70,'in',70),(71,'esse',71),(72,'suscipit',72),(73,'eligendi',73),(74,'ab',74),(75,'vel',75),(76,'et',76),(77,'quae',77),(78,'occaecati',78),(79,'fuga',79),(80,'tempora',80),(81,'id',81),(82,'nihil',82),(83,'vitae',83),(84,'non',84),(85,'consequatur',85),(86,'quidem',86),(87,'ex',87),(88,'occaecati',88),(89,'porro',89),(90,'omnis',90),(91,'voluptatem',91),(92,'quia',92),(93,'aut',93),(94,'doloribus',94),(95,'repellendus',95),(96,'id',96),(97,'excepturi',97),(98,'aut',98),(99,'voluptas',99),(100,'esse',100);
/*!40000 ALTER TABLE `communities` ENABLE KEYS */;
UNLOCK TABLES;

--
-- Table structure for table `friend_requests`
--

DROP TABLE IF EXISTS `friend_requests`;
/*!40101 SET @saved_cs_client     = @@character_set_client */;
/*!40101 SET character_set_client = utf8 */;
CREATE TABLE `friend_requests` (
  `initiator_user_id` bigint(20) unsigned NOT NULL,
  `target_user_id` bigint(20) unsigned NOT NULL,
  `status` enum('requested','approved','declined','unfriended') COLLATE utf8mb4_unicode_ci DEFAULT NULL,
  `requested_at` datetime DEFAULT current_timestamp(),
  `updated_at` datetime DEFAULT NULL ON UPDATE current_timestamp(),
  PRIMARY KEY (`initiator_user_id`,`target_user_id`),
  KEY `target_user_id` (`target_user_id`),
  CONSTRAINT `friend_requests_ibfk_1` FOREIGN KEY (`initiator_user_id`) REFERENCES `users` (`id`),
  CONSTRAINT `friend_requests_ibfk_2` FOREIGN KEY (`target_user_id`) REFERENCES `users` (`id`)
) ENGINE=InnoDB DEFAULT CHARSET=utf8mb4 COLLATE=utf8mb4_unicode_ci;
/*!40101 SET character_set_client = @saved_cs_client */;

--
-- Dumping data for table `friend_requests`
--

LOCK TABLES `friend_requests` WRITE;
/*!40000 ALTER TABLE `friend_requests` DISABLE KEYS */;
INSERT INTO `friend_requests` VALUES (1,1,'requested','1973-05-09 00:17:07','1991-03-23 07:22:55'),(2,2,'approved','1970-06-26 15:52:42','1970-04-27 05:04:23'),(3,3,'declined','2018-03-15 18:58:40','2015-09-30 23:58:21'),(4,4,'unfriended','1984-09-13 15:10:34','2013-03-10 02:36:31'),(5,5,'unfriended','2008-04-29 00:28:14','1994-04-15 00:28:09'),(6,6,'requested','1972-07-17 16:18:11','1975-11-23 18:51:12'),(7,7,'requested','2016-08-31 21:34:49','2003-01-17 05:43:44'),(8,8,'approved','2009-02-25 02:34:57','2004-11-19 06:46:08'),(9,9,'requested','1977-06-28 13:16:04','1970-03-07 13:57:40'),(10,10,'approved','2018-07-08 05:49:37','2012-07-07 16:11:03'),(11,11,'declined','1985-05-24 09:55:20','2000-07-04 16:55:00'),(12,12,'approved','1970-03-02 19:06:53','1980-09-12 21:09:39'),(13,13,'requested','1987-08-12 13:09:59','1989-10-01 16:43:11'),(14,14,'declined','2004-04-06 16:04:58','2019-12-27 04:08:12'),(15,15,'unfriended','1978-05-16 04:56:39','1978-07-02 02:02:20'),(16,16,'requested','2019-04-03 18:49:51','1978-11-16 09:22:48'),(17,17,'unfriended','2000-04-19 12:39:26','2017-08-28 10:42:02'),(18,18,'declined','2002-10-09 22:26:54','1987-10-12 04:46:12'),(19,19,'declined','2016-02-12 07:21:54','1988-06-25 11:15:10'),(20,20,'unfriended','1972-06-21 16:57:19','1985-10-26 11:17:18'),(21,21,'requested','2009-03-20 21:05:29','1980-11-25 16:06:44'),(22,22,'unfriended','2001-12-30 01:28:35','2017-08-22 07:20:37'),(23,23,'unfriended','1973-02-13 20:05:27','2007-12-12 17:32:00'),(24,24,'requested','1999-07-24 12:02:16','1971-04-17 12:58:14'),(25,25,'declined','2017-09-18 23:58:31','1977-02-17 02:14:05'),(26,26,'requested','2018-05-12 03:15:26','2002-02-22 15:06:46'),(27,27,'unfriended','1988-04-15 02:07:10','2002-09-14 06:47:49'),(28,28,'requested','1996-04-04 21:54:11','1970-05-16 05:26:04'),(29,29,'requested','1970-09-23 12:57:36','2016-06-06 12:55:44'),(30,30,'requested','1988-02-27 05:34:15','1975-08-20 07:27:01'),(31,31,'declined','1995-10-10 07:26:02','1987-11-05 11:45:38'),(32,32,'requested','2011-09-08 10:27:30','1970-04-24 07:43:06'),(33,33,'declined','2000-04-05 14:20:56','1972-01-08 11:42:26'),(34,34,'requested','2017-07-07 16:45:18','1975-06-09 07:58:30'),(35,35,'requested','1974-11-03 10:13:40','1994-10-04 16:27:37'),(36,36,'declined','1994-10-24 09:23:49','2018-10-15 01:11:49'),(37,37,'declined','2000-05-12 07:13:45','2010-08-12 11:32:56'),(38,38,'approved','1987-01-11 12:15:09','2019-11-17 10:36:51'),(39,39,'requested','1976-11-06 12:31:47','1973-10-21 02:47:48'),(40,40,'declined','1974-02-13 16:41:42','1984-05-10 16:44:09'),(41,41,'requested','2008-04-03 15:48:13','1986-07-11 03:57:31'),(42,42,'declined','1994-10-13 16:33:16','2010-08-03 09:49:28'),(43,43,'approved','1971-06-04 08:22:05','1986-12-27 07:49:34'),(44,44,'requested','2005-01-24 04:02:22','1990-10-08 20:54:16'),(45,45,'requested','1999-09-25 19:58:56','2008-12-03 21:16:32'),(46,46,'unfriended','1981-07-25 01:00:50','2003-09-12 20:17:57'),(47,47,'declined','1985-05-05 18:08:14','2016-10-27 18:22:34'),(48,48,'approved','2020-06-06 10:35:11','2001-04-20 19:14:04'),(49,49,'requested','1980-12-27 16:15:23','1970-02-16 05:13:50'),(50,50,'requested','1979-08-18 12:09:39','2015-03-12 03:47:14'),(51,51,'unfriended','1975-07-31 10:23:25','1988-01-29 06:07:28'),(52,52,'approved','2000-05-25 01:25:20','1996-12-09 14:01:03'),(53,53,'requested','1975-01-20 14:23:31','1973-05-31 14:54:55'),(54,54,'requested','2002-09-14 22:45:46','1971-07-14 06:59:28'),(55,55,'requested','2006-07-16 04:17:35','1975-07-19 23:41:00'),(56,56,'unfriended','1985-04-14 03:39:24','2013-03-09 06:21:28'),(57,57,'approved','2009-10-13 15:47:17','2012-07-01 01:03:36'),(58,58,'approved','1984-09-18 16:06:07','2011-08-20 20:25:58'),(59,59,'requested','2002-04-15 22:46:07','2021-01-09 23:22:12'),(60,60,'approved','2015-05-07 09:44:35','1986-10-20 12:01:54'),(61,61,'approved','1988-01-08 00:57:05','1979-05-17 06:56:57'),(62,62,'declined','1991-05-23 12:52:05','1971-09-27 17:33:11'),(63,63,'declined','1980-02-03 11:05:19','1976-08-30 13:44:50'),(64,64,'requested','1991-12-23 18:11:12','1971-06-22 19:08:08'),(65,65,'approved','1979-05-01 11:09:09','2018-04-02 00:53:07'),(66,66,'approved','1997-07-26 15:25:18','1986-12-06 18:56:05'),(67,67,'unfriended','1980-08-30 16:51:06','2006-06-22 19:14:24'),(68,68,'unfriended','2009-12-12 03:51:01','1981-02-02 11:31:40'),(69,69,'approved','2015-12-28 10:58:14','2016-02-14 04:10:38'),(70,70,'unfriended','2011-10-28 12:23:26','1984-04-26 03:39:23'),(71,71,'approved','2019-08-06 21:01:40','2003-01-17 10:30:59'),(72,72,'declined','1994-06-06 02:53:09','1971-07-16 18:14:44'),(73,73,'declined','2003-05-15 18:22:11','1981-10-07 18:33:45'),(74,74,'approved','2017-07-12 17:11:12','2010-10-22 07:34:21'),(75,75,'declined','1995-03-12 02:57:21','1975-10-20 08:55:50'),(76,76,'declined','1979-06-12 09:11:58','1975-04-03 15:14:24'),(77,77,'requested','1999-07-21 23:05:12','1986-01-21 01:36:54'),(78,78,'declined','2021-02-20 01:41:05','2013-11-08 20:39:34'),(79,79,'unfriended','1972-04-07 09:57:29','1977-12-23 07:23:58'),(80,80,'unfriended','1985-04-15 15:04:51','2009-02-01 17:28:01'),(81,81,'requested','2016-02-23 05:43:50','1987-06-11 06:09:20'),(82,82,'requested','2008-11-10 10:45:17','1993-09-13 15:10:12'),(83,83,'declined','1978-08-12 22:33:27','1987-01-03 08:31:28'),(84,84,'unfriended','2020-02-18 13:00:31','2011-03-01 02:02:33'),(85,85,'requested','2015-12-12 15:23:11','1987-06-20 20:01:42'),(86,86,'approved','2017-07-16 16:48:22','2009-11-04 23:04:17'),(87,87,'unfriended','2002-12-06 02:19:07','1970-12-25 01:53:28'),(88,88,'requested','2019-11-16 07:00:53','1970-04-30 14:35:33'),(89,89,'unfriended','1981-12-31 20:44:12','2013-06-23 15:23:19'),(90,90,'approved','1978-03-19 17:04:08','1982-04-07 11:13:44'),(91,91,'requested','1977-12-07 09:35:38','1992-08-31 14:39:53'),(92,92,'declined','2008-01-11 05:12:40','1979-11-08 23:36:07'),(93,93,'requested','1970-07-07 10:46:35','1972-05-11 05:55:21'),(94,94,'unfriended','2019-09-01 00:10:21','1990-08-18 08:38:15'),(95,95,'declined','2013-04-13 12:49:45','1989-05-19 20:17:24'),(96,96,'unfriended','1999-10-10 08:57:55','1971-08-18 16:55:07'),(97,97,'declined','1988-01-15 06:23:48','2005-06-15 22:00:22'),(98,98,'declined','2002-05-15 12:20:06','2001-12-17 13:12:44'),(99,99,'declined','1984-07-16 01:09:20','1993-03-01 06:54:33'),(100,100,'unfriended','1998-04-08 19:19:57','1982-01-23 22:27:13');
/*!40000 ALTER TABLE `friend_requests` ENABLE KEYS */;
UNLOCK TABLES;

--
-- Table structure for table `likes`
--

DROP TABLE IF EXISTS `likes`;
/*!40101 SET @saved_cs_client     = @@character_set_client */;
/*!40101 SET character_set_client = utf8 */;
CREATE TABLE `likes` (
  `id` bigint(20) unsigned NOT NULL AUTO_INCREMENT,
  `user_id` bigint(20) unsigned NOT NULL,
  `media_id` bigint(20) unsigned NOT NULL,
  `created_at` datetime DEFAULT current_timestamp(),
  UNIQUE KEY `id` (`id`)
) ENGINE=InnoDB AUTO_INCREMENT=101 DEFAULT CHARSET=utf8mb4 COLLATE=utf8mb4_unicode_ci;
/*!40101 SET character_set_client = @saved_cs_client */;

--
-- Dumping data for table `likes`
--

LOCK TABLES `likes` WRITE;
/*!40000 ALTER TABLE `likes` DISABLE KEYS */;
INSERT INTO `likes` VALUES (1,1,1,'1991-04-03 20:56:41'),(2,2,2,'2006-06-21 14:38:19'),(3,3,3,'1985-08-18 08:20:14'),(4,4,4,'1988-12-23 06:59:52'),(5,5,5,'1978-07-22 12:29:11'),(6,6,6,'2016-08-26 03:59:42'),(7,7,7,'1996-04-07 02:44:14'),(8,8,8,'1995-02-22 16:44:51'),(9,9,9,'1990-02-20 20:28:53'),(10,10,10,'2020-08-19 23:27:44'),(11,11,11,'2015-02-28 14:13:07'),(12,12,12,'1993-11-09 06:18:41'),(13,13,13,'1971-11-14 15:03:41'),(14,14,14,'2018-10-12 04:37:14'),(15,15,15,'1989-12-16 23:45:57'),(16,16,16,'1984-01-27 05:50:58'),(17,17,17,'2007-04-29 13:16:07'),(18,18,18,'1978-02-08 15:19:23'),(19,19,19,'2015-02-19 15:20:53'),(20,20,20,'1975-05-01 03:25:11'),(21,21,21,'1985-09-23 02:26:11'),(22,22,22,'1996-12-22 02:41:36'),(23,23,23,'1975-08-14 21:24:59'),(24,24,24,'1982-02-03 06:59:48'),(25,25,25,'1995-05-26 20:40:53'),(26,26,26,'2009-06-19 11:26:31'),(27,27,27,'1989-03-15 11:35:07'),(28,28,28,'2019-10-04 20:14:17'),(29,29,29,'2000-05-12 08:33:39'),(30,30,30,'1976-04-17 03:00:48'),(31,31,31,'1995-07-22 10:54:56'),(32,32,32,'1985-06-21 17:12:15'),(33,33,33,'1993-12-25 05:51:06'),(34,34,34,'1978-09-16 12:49:41'),(35,35,35,'2003-01-02 05:18:55'),(36,36,36,'1989-11-09 19:58:22'),(37,37,37,'1989-09-14 05:01:04'),(38,38,38,'2012-12-06 16:00:22'),(39,39,39,'2010-08-26 10:36:22'),(40,40,40,'2013-05-31 22:10:21'),(41,41,41,'1979-12-12 03:40:49'),(42,42,42,'2001-10-20 07:18:02'),(43,43,43,'2009-11-01 17:58:47'),(44,44,44,'2019-01-15 07:27:50'),(45,45,45,'1976-06-12 11:38:43'),(46,46,46,'1984-05-04 07:45:00'),(47,47,47,'1989-11-08 18:45:41'),(48,48,48,'2005-01-12 07:06:22'),(49,49,49,'2006-01-15 04:55:53'),(50,50,50,'1992-01-14 13:37:21'),(51,51,51,'1989-11-03 08:36:22'),(52,52,52,'1981-07-06 16:09:25'),(53,53,53,'2020-06-05 18:58:19'),(54,54,54,'2008-11-09 14:40:45'),(55,55,55,'1988-02-06 01:46:21'),(56,56,56,'2011-02-25 21:58:49'),(57,57,57,'1980-11-14 16:16:48'),(58,58,58,'1983-06-15 14:09:08'),(59,59,59,'2004-04-09 12:01:28'),(60,60,60,'1988-08-30 16:31:32'),(61,61,61,'2008-04-22 07:55:58'),(62,62,62,'1979-05-08 04:02:53'),(63,63,63,'2005-04-01 18:44:35'),(64,64,64,'1992-06-03 12:30:02'),(65,65,65,'2014-06-24 15:29:56'),(66,66,66,'2011-09-30 15:25:02'),(67,67,67,'1979-02-06 23:21:21'),(68,68,68,'1996-06-22 21:14:27'),(69,69,69,'1983-07-07 02:25:31'),(70,70,70,'1998-10-25 07:16:06'),(71,71,71,'1989-01-25 00:52:49'),(72,72,72,'2018-09-13 04:04:16'),(73,73,73,'1975-03-15 05:28:47'),(74,74,74,'1995-02-16 09:17:48'),(75,75,75,'2005-06-09 13:41:19'),(76,76,76,'2012-09-07 20:34:36'),(77,77,77,'1997-04-01 08:27:54'),(78,78,78,'1997-12-09 12:24:26'),(79,79,79,'1998-03-29 12:47:45'),(80,80,80,'2021-06-09 14:38:53'),(81,81,81,'2011-01-03 03:48:31'),(82,82,82,'1986-11-19 23:15:28'),(83,83,83,'1990-11-25 20:19:20'),(84,84,84,'1983-09-26 12:20:59'),(85,85,85,'1971-11-18 02:03:30'),(86,86,86,'2020-05-20 22:25:47'),(87,87,87,'2016-05-11 01:48:44'),(88,88,88,'1980-04-14 18:41:00'),(89,89,89,'1981-11-27 10:44:05'),(90,90,90,'1985-04-23 07:12:59'),(91,91,91,'1991-12-28 22:46:17'),(92,92,92,'2003-07-12 05:27:20'),(93,93,93,'2012-01-14 16:48:22'),(94,94,94,'2001-07-24 04:57:45'),(95,95,95,'1986-06-05 09:41:08'),(96,96,96,'2007-12-09 06:10:16'),(97,97,97,'2021-06-04 08:17:16'),(98,98,98,'1998-05-12 00:11:27'),(99,99,99,'2008-06-09 03:27:10'),(100,100,100,'2004-04-09 05:47:51');
/*!40000 ALTER TABLE `likes` ENABLE KEYS */;
UNLOCK TABLES;

--
-- Table structure for table `media`
--

DROP TABLE IF EXISTS `media`;
/*!40101 SET @saved_cs_client     = @@character_set_client */;
/*!40101 SET character_set_client = utf8 */;
CREATE TABLE `media` (
  `id` bigint(20) unsigned NOT NULL AUTO_INCREMENT,
  `media_type_id` bigint(20) unsigned NOT NULL,
  `user_id` bigint(20) unsigned NOT NULL,
  `body` text COLLATE utf8mb4_unicode_ci DEFAULT NULL,
  `filename` varchar(255) COLLATE utf8mb4_unicode_ci DEFAULT NULL,
  `size` int(11) DEFAULT NULL,
  `metadata` longtext CHARACTER SET utf8mb4 COLLATE utf8mb4_bin DEFAULT NULL CHECK (json_valid(`metadata`)),
  `created_at` datetime DEFAULT current_timestamp(),
  `updated_at` datetime DEFAULT NULL ON UPDATE current_timestamp(),
  UNIQUE KEY `id` (`id`),
  KEY `user_id` (`user_id`),
  KEY `media_type_id` (`media_type_id`),
  CONSTRAINT `media_ibfk_1` FOREIGN KEY (`user_id`) REFERENCES `users` (`id`),
  CONSTRAINT `media_ibfk_2` FOREIGN KEY (`media_type_id`) REFERENCES `media_types` (`id`)
) ENGINE=InnoDB AUTO_INCREMENT=101 DEFAULT CHARSET=utf8mb4 COLLATE=utf8mb4_unicode_ci;
/*!40101 SET character_set_client = @saved_cs_client */;

--
-- Dumping data for table `media`
--

LOCK TABLES `media` WRITE;
/*!40000 ALTER TABLE `media` DISABLE KEYS */;
INSERT INTO `media` VALUES (1,1,1,'Consequatur distinctio ea atque. Soluta ut nesciunt doloremque incidunt doloremque. Ratione nostrum temporibus quos vero doloribus qui commodi. Dolorum quisquam consequatur laborum est dolor placeat.','consectetur',32271,NULL,'1989-05-08 03:21:22','2014-05-13 13:53:40'),(2,2,2,'Cumque suscipit provident aut rerum libero. Suscipit natus tempore sequi sed. Ratione maxime ut molestiae.','dignissimos',45,NULL,'1977-02-25 19:58:32','1971-09-14 04:09:42'),(3,3,3,'Ut minus doloribus debitis ab laborum sunt corrupti. Voluptas ea illo explicabo facilis repellendus facere. Recusandae ratione sed quos maxime quisquam.','qui',22,NULL,'1970-04-17 07:23:36','1975-12-11 15:27:31'),(4,4,4,'Aliquid excepturi voluptas doloremque animi sapiente quia pariatur. Qui quia voluptatum reprehenderit maxime asperiores et voluptatibus. Vel ut labore dolores voluptatem aut.','cum',30458,NULL,'2012-04-25 08:19:27','2005-08-08 05:20:06'),(5,1,5,'Assumenda itaque enim temporibus fugiat. Est nihil sit non sunt voluptatem.','eaque',3,NULL,'2018-07-30 03:31:49','1979-09-13 12:11:24'),(6,2,6,'Incidunt ab eos voluptatum aut ut vel quis autem. Tempora ea et consequatur beatae. Est sint illum similique est nobis facere.','quia',202,NULL,'2010-07-25 09:07:42','1984-09-10 02:54:32'),(7,3,7,'Illo rerum quis blanditiis sed et porro corporis ex. Quia tempore eaque quas necessitatibus voluptatem. Debitis et quo earum error sunt alias. Et provident sapiente blanditiis doloribus iste dolor ipsa.','asperiores',87792711,NULL,'2002-04-21 11:14:59','2009-09-28 10:30:51'),(8,4,8,'Perferendis et quisquam ut voluptatum labore adipisci quisquam. Incidunt harum voluptas necessitatibus cumque. Voluptatem omnis et minima. Quia qui ex ex corrupti aut ut quo. Sit perspiciatis et nostrum est fuga.','neque',70807,NULL,'1971-04-14 14:38:01','1998-10-15 06:42:03'),(9,1,9,'Voluptas cumque qui est. Molestias impedit minima quisquam corporis atque. Cum occaecati minus molestias sint ad debitis corrupti recusandae.','aut',3,NULL,'1998-02-10 09:36:53','1980-11-04 20:47:12'),(10,2,10,'Et libero eligendi ut dolor voluptate enim. Fugit qui cumque sint cum recusandae temporibus saepe.','a',45793772,NULL,'1991-12-29 19:50:56','1977-01-31 17:03:29'),(11,3,11,'Eaque alias vero modi voluptatem doloribus nobis. Quo dolores et et tempora ut officia et.','reiciendis',9126836,NULL,'1991-04-29 21:54:35','1983-09-05 12:53:21'),(12,4,12,'Ipsa ut voluptas odio ipsum officia possimus labore et. Officia qui ratione fugiat aut sed accusamus. Nihil et ducimus ipsum non. Harum a soluta assumenda autem nesciunt. Eaque excepturi facere enim.','debitis',9,NULL,'1978-11-10 05:15:44','1986-07-08 04:14:14'),(13,1,13,'Dolorem aperiam cumque velit repellendus. Nemo nisi corrupti temporibus quia vitae temporibus rem. Iure aut fugit ipsum veniam ratione.','aut',4,NULL,'1994-11-08 02:57:22','1979-02-18 00:38:40'),(14,2,14,'Quam nihil animi quae debitis ad quisquam. Qui deleniti deserunt id illum iusto. Nihil debitis veniam ut facere.','commodi',81675015,NULL,'2002-02-04 08:31:16','2021-05-01 13:27:23'),(15,3,15,'Fuga nobis temporibus corporis libero ut officia labore. Nemo nam aspernatur reprehenderit.','tempore',36610125,NULL,'2016-10-28 23:35:48','1994-06-15 22:12:47'),(16,4,16,'Sed excepturi ea explicabo omnis. Et vel ex quasi velit est rerum et. Nihil in saepe ut dolor. Iusto consequatur aut voluptatibus laborum.','architecto',485891778,NULL,'2013-05-13 20:07:46','2001-04-15 15:25:25'),(17,1,17,'Distinctio et maiores explicabo est consequuntur. Perferendis ut amet architecto et. Voluptas sint et voluptatum dicta eligendi voluptatem et.','omnis',5589792,NULL,'2013-08-23 00:16:39','1980-04-30 20:33:32'),(18,2,18,'Dolores ab a iure. Nisi ut eum libero qui exercitationem et molestias.','facilis',6164,NULL,'1976-09-22 17:02:22','1991-03-22 05:37:33'),(19,3,19,'Deserunt quia labore a dolores et ratione. Nostrum ipsa sit et ut repudiandae debitis. Rerum fugit et est soluta sit voluptatum vel.','tempora',8792343,NULL,'1979-05-10 15:40:45','1975-07-25 17:54:53'),(20,4,20,'Rem et dolore amet fugiat omnis. Enim iure eum quae inventore assumenda. Illo veniam quisquam doloribus dolor vero minus.','dolores',0,NULL,'1998-03-14 16:53:39','2014-10-25 05:37:56'),(21,1,21,'Maiores quia est et. Blanditiis corrupti molestias ut et quae. Porro omnis alias voluptas provident explicabo mollitia dolorum.','facere',2,NULL,'1981-10-04 16:38:58','2004-05-19 18:59:23'),(22,2,22,'Quo laboriosam atque iusto qui ab enim. Ut soluta dolorum et et. Est officiis facilis voluptatem consequatur omnis velit. Nesciunt ipsa doloribus ut explicabo vitae.','aut',44494,NULL,'1972-05-01 05:40:41','1980-02-19 16:50:21'),(23,3,23,'Molestias adipisci quae similique laudantium. Labore autem sequi excepturi nisi. Voluptate aut quia facere veniam debitis.','veniam',0,NULL,'2003-03-14 15:38:28','2019-09-25 11:56:52'),(24,4,24,'Sed quo est quasi ut quia molestiae quis. Sapiente totam fugiat ullam facilis. Reprehenderit est modi ullam modi ut. Voluptas dolores natus et.','cumque',6207,NULL,'1997-10-20 18:22:05','1983-05-16 01:54:19'),(25,1,25,'Qui sapiente delectus laborum porro sed animi. Vel reprehenderit molestiae ipsam nisi facilis reiciendis aut doloribus. Excepturi amet repellendus rerum facilis officiis.','ab',3752419,NULL,'2013-07-23 23:11:08','1994-01-16 19:33:45'),(26,2,26,'Et et exercitationem doloremque blanditiis. Cumque blanditiis ratione sequi sequi molestiae iste. Consequuntur esse aut reprehenderit qui sed aliquid quo.','quasi',0,NULL,'1989-03-22 02:22:50','1976-10-02 00:21:45'),(27,3,27,'Eum et dolor aut cum quod corrupti. Est est reprehenderit veritatis est. Provident corporis quo non temporibus rerum odit.','sunt',57228324,NULL,'2017-09-28 08:50:37','2006-10-27 22:27:19'),(28,4,28,'Voluptatem alias accusamus optio tenetur dolorum. Ea quia cum est veritatis consectetur quos. Ut numquam ut iste animi distinctio est similique. Beatae nostrum ut et et.','consequatur',5,NULL,'2014-03-05 06:26:25','1984-03-07 20:34:27'),(29,1,29,'Officiis sunt et quidem. Pariatur qui eos dolore aut. Et commodi nobis cumque asperiores ut dolores accusamus. Id inventore autem eaque excepturi eos mollitia.','doloribus',8163210,NULL,'2013-09-29 09:58:24','1984-07-12 07:03:11'),(30,2,30,'Facere placeat voluptatem est qui. Voluptatem dolorem quia omnis sint. Et nemo ut eaque nihil error. Nihil omnis sint aut harum. Doloremque voluptatem explicabo voluptatem ullam.','facere',57587,NULL,'2018-09-26 03:47:42','1987-02-20 03:17:11'),(31,3,31,'Quaerat commodi repudiandae sunt soluta. Veritatis ut ab quam est quod. Quis illo natus repudiandae non possimus doloremque facilis consequuntur.','voluptatem',0,NULL,'1984-06-26 22:39:18','1999-06-30 14:44:40'),(32,4,32,'Sunt est expedita non qui dicta. Qui repellat et enim voluptates iusto. Aut facere quia distinctio dignissimos quas non modi.','officia',33864234,NULL,'1976-07-14 02:53:26','2003-12-31 13:16:39'),(33,1,33,'Est sit neque sunt ut id eum ea. Maiores illo aperiam non. Consequuntur qui itaque odit nostrum quidem voluptatum et corrupti.','dolorem',66,NULL,'1989-05-29 07:07:44','1992-06-10 21:20:23'),(34,2,34,'Adipisci architecto assumenda aliquam officiis sapiente molestiae officia. Consequuntur tempore nostrum at possimus. Minus non accusamus soluta vel soluta alias.','qui',997752,NULL,'1982-08-04 14:22:46','2018-07-28 17:28:46'),(35,3,35,'Ad ut et optio et aut aut velit rem. Nesciunt quibusdam dolor sed similique qui at. Dolorem ab sint modi quo ea voluptatibus.','id',823,NULL,'1973-12-19 01:52:48','1983-06-29 08:01:48'),(36,4,36,'Deleniti magni amet aspernatur. Veritatis dicta omnis id et repudiandae alias. Facilis nihil in accusamus autem minima. Magni consequatur velit et sunt dicta quia possimus.','qui',99911467,NULL,'1978-06-23 04:07:20','1998-08-14 01:54:09'),(37,1,37,'Est consequatur voluptatem asperiores similique. Enim vel optio qui harum ea voluptas cupiditate. Eos quia eligendi sint harum a. Similique repellendus et enim quos vel.','est',0,NULL,'2018-08-24 03:28:33','1976-07-09 00:33:21'),(38,2,38,'Ad aliquam et fugiat eius. A tempora voluptas modi similique. Accusamus similique qui id similique.','ullam',7626744,NULL,'1973-07-11 07:12:16','1987-07-07 14:55:57'),(39,3,39,'Unde repellendus enim magnam nostrum placeat qui molestiae explicabo. Iure ipsa iusto non. Fugiat porro et veniam tempore deleniti odit error. Quas ut sed aut quia reprehenderit eligendi in. Sunt autem dicta veritatis non autem.','illo',6,NULL,'1994-04-15 00:09:28','2006-03-03 09:08:05'),(40,4,40,'Id eum eum similique officiis. Ut iste velit vitae voluptatem mollitia voluptatum quia. Dolorem temporibus et aut quod asperiores quam ut illum. Atque molestias ex consequuntur. Rem vel harum est perspiciatis.','perferendis',718,NULL,'2018-02-26 23:16:04','1998-03-13 05:44:49'),(41,1,41,'Eligendi atque dolore error assumenda sint et. Ut qui ex quia corporis aut voluptatem voluptatum ut. Mollitia maxime voluptatem explicabo voluptatem ex. Ut qui odio illum quae illum accusamus suscipit.','labore',724463,NULL,'1992-05-05 04:39:27','1978-09-26 13:46:43'),(42,2,42,'Omnis cupiditate laborum architecto quae. Error ad ut recusandae quis ullam accusantium. Nihil beatae blanditiis non quod repellat.','quam',861,NULL,'1992-06-11 10:10:50','1996-05-28 16:53:26'),(43,3,43,'Error delectus quaerat ut. Inventore ipsum ut harum ut eaque. Mollitia nemo consequatur dolores minima voluptatem.','ipsum',0,NULL,'1973-07-02 00:10:22','1978-01-25 11:21:31'),(44,4,44,'Est mollitia expedita omnis odio ex. Quis illo sit tenetur ea voluptatem debitis. Ut qui dolor expedita reiciendis rerum ut nisi.','sint',350397955,NULL,'2017-12-15 07:35:50','2006-05-19 10:14:46'),(45,1,45,'Libero repellendus et animi quia. Voluptate quis laborum voluptatem quia enim culpa consequatur. Deserunt voluptate labore magnam praesentium et vitae. Quia architecto id consequuntur sapiente vitae.','est',840735,NULL,'1979-11-06 03:37:34','2003-12-09 20:43:09'),(46,2,46,'Consectetur quia nihil sed fugiat. Quis aut dolores dignissimos totam numquam. Ut excepturi ea quam quaerat. Adipisci quos neque fuga reiciendis quod dolore.','ipsa',886,NULL,'1974-11-09 23:33:47','2019-10-13 23:22:13'),(47,3,47,'Qui dignissimos expedita nesciunt et quo aperiam. Occaecati sunt a velit. Voluptate sed cupiditate culpa harum quod. Facilis eos adipisci nesciunt eum neque ducimus animi.','officiis',5348,NULL,'2010-02-01 12:01:48','1973-07-26 18:40:56'),(48,4,48,'Accusamus sequi cum laborum qui. Sunt molestias omnis occaecati. Hic sit repudiandae labore.','soluta',987195,NULL,'1976-06-27 22:27:35','2003-11-18 04:41:22'),(49,1,49,'Officia optio nam voluptatum aliquam facilis. Vel enim neque sed et sed consectetur. Voluptatibus architecto eaque assumenda sed.','qui',96013758,NULL,'1974-07-15 13:33:21','2001-10-02 14:46:36'),(50,2,50,'Illum voluptate molestiae veniam possimus omnis in enim. Et voluptas quos maiores quod. Nisi possimus quas libero nobis. Incidunt quod quis itaque qui itaque autem.','animi',8127,NULL,'2018-04-16 12:59:50','2002-10-05 19:42:52'),(51,3,51,'Minima minima sit dolore dolore et nobis porro soluta. Temporibus cumque omnis velit modi ducimus aut quidem. Provident ex et distinctio sapiente voluptatibus dolore. Dignissimos id itaque voluptatem placeat voluptas.','enim',5461,NULL,'1986-03-05 00:25:01','1989-08-04 13:34:45'),(52,4,52,'Incidunt eligendi atque dicta ex similique quis debitis. Aperiam voluptatem ducimus ut. In voluptatem repudiandae aspernatur molestiae. Officia est cupiditate ut aut.','consequuntur',0,NULL,'2016-05-29 05:44:56','2005-01-18 18:28:50'),(53,1,53,'Neque autem nulla voluptate. Officiis provident autem impedit nobis. Occaecati qui voluptatum repudiandae non nemo blanditiis.','libero',11,NULL,'2008-05-12 06:38:05','2021-01-03 22:25:19'),(54,2,54,'Inventore eos blanditiis delectus odit qui. Voluptatibus sit sed placeat nobis veniam error. Ut recusandae sint quae aut libero. Et tenetur expedita harum voluptatem.','consequatur',6310,NULL,'2004-07-18 15:30:21','1983-02-13 01:20:35'),(55,3,55,'Sit fugiat quaerat sint laudantium quam eos. Ratione beatae nihil ea repudiandae perspiciatis deleniti at tempora. Et aut omnis incidunt quibusdam.','aliquam',9,NULL,'1997-02-04 20:58:22','2001-02-05 08:33:38'),(56,4,56,'Eaque consequuntur ipsum voluptatibus id. Aperiam fugit inventore unde incidunt sapiente facere dicta aut.','et',60307,NULL,'2009-01-12 16:08:52','2005-09-16 17:31:14'),(57,1,57,'Corrupti rerum rerum qui voluptate harum. Vel odit vel aut voluptatem officia ut dolores.','ut',78688,NULL,'1974-11-23 19:24:41','1980-03-20 05:22:13'),(58,2,58,'Incidunt sed quidem nulla sed aspernatur a maiores. Quod cupiditate voluptatem unde sit voluptatem eum quia optio. Tenetur sint voluptate eos et delectus tempore.','voluptates',982,NULL,'2016-11-05 23:35:28','2010-09-24 16:02:23'),(59,3,59,'Voluptatem sunt dolorem deleniti aperiam et et maiores. Ipsum est dicta pariatur reiciendis blanditiis fugiat dolore. Odio quasi id ea vero. Optio animi ut architecto eum.','similique',466213440,NULL,'1976-02-24 12:40:58','1975-04-23 23:27:08'),(60,4,60,'Incidunt sint ipsa incidunt. Saepe qui non aut et perferendis sequi. Et quam dignissimos eaque. Itaque sed praesentium praesentium voluptatem et et.','esse',231,NULL,'1990-03-20 08:58:28','1978-11-30 15:06:30'),(61,1,61,'Nemo quaerat ea rerum repudiandae quos dolorem est voluptas. Qui delectus dolores nihil quia. Natus aliquid corrupti voluptatem eum iusto.','nobis',0,NULL,'1974-12-04 09:35:24','1972-06-13 21:16:04'),(62,2,62,'Nihil laboriosam non qui. Voluptas sit ratione dolorem. Sed provident consequatur quae est.','expedita',48512,NULL,'2009-04-15 10:18:20','1983-09-22 13:43:57'),(63,3,63,'Odit enim voluptatem illo. Provident quia ullam delectus minima rerum omnis assumenda. Earum ut qui aut quo nemo corrupti sint.','corrupti',0,NULL,'1983-09-08 09:44:41','1992-11-15 05:32:00'),(64,4,64,'Voluptas ut eveniet cumque quibusdam quisquam consectetur cupiditate. Ea ipsam quisquam molestiae placeat in delectus maiores ipsa. Iste voluptatem qui autem sequi.','corrupti',671842134,NULL,'1994-12-04 00:29:51','2001-11-19 06:54:31'),(65,1,65,'Et nam pariatur fuga maxime consequatur maxime. Fugit numquam eum non rerum et perferendis eos.','quia',0,NULL,'1994-01-22 17:46:35','2011-08-19 17:47:14'),(66,2,66,'Dolor ullam omnis cumque perspiciatis corrupti. Non velit consequuntur ut odio explicabo dolorem. Nulla mollitia sunt dolorem molestiae rerum. Quod velit qui commodi magni.','dolor',403871,NULL,'2011-04-14 03:38:35','2006-01-16 07:03:36'),(67,3,67,'Id consequatur saepe dolores alias qui. Eos dignissimos a assumenda laborum neque. Libero non placeat reiciendis voluptate explicabo assumenda consequatur.','qui',550117261,NULL,'1987-08-10 01:14:28','1974-07-30 16:41:34'),(68,4,68,'Consectetur reprehenderit eaque mollitia quia consequatur accusantium quibusdam. Ipsam occaecati tempora corporis et quidem eos quibusdam qui. Dignissimos dolor et id corrupti est vitae animi.','qui',90678,NULL,'1999-03-07 13:04:51','2004-01-24 08:23:12'),(69,1,69,'Iusto fugit porro doloremque nostrum totam. Dolorem quia autem impedit consectetur. Rem et perferendis tenetur eaque ab vel quibusdam.','quo',651427544,NULL,'1986-11-10 17:42:35','1974-09-27 10:13:08'),(70,2,70,'Sed soluta velit itaque odio perspiciatis et. Perspiciatis sequi at deleniti inventore quo. Ea aut minima sed voluptatem modi. Qui ullam voluptas sit repellat vel ipsum cum.','rerum',573298,NULL,'1973-09-27 08:32:40','2001-10-19 03:25:36'),(71,3,71,'Non enim qui aut rerum. Quis non enim natus consequatur velit. Culpa rerum ratione et beatae.','neque',53708169,NULL,'1974-09-30 09:06:26','2015-04-12 03:33:10'),(72,4,72,'Accusantium id cumque illum odio in voluptas. Vitae amet molestias est libero occaecati doloremque quaerat. Consequuntur ea qui autem ducimus et sit. Sit quia atque est impedit.','a',0,NULL,'1993-04-01 00:01:01','1986-02-27 08:43:26'),(73,1,73,'Tempore libero iure aperiam veniam. Ut consectetur quia consectetur dignissimos quia voluptatem. Sequi quibusdam distinctio corrupti non itaque dolor id. Magni enim amet voluptatem consectetur alias labore nisi. Autem ea officiis labore omnis quod dolores repudiandae.','eveniet',23567117,NULL,'1980-07-06 16:11:37','1973-11-08 19:59:14'),(74,2,74,'Maiores velit maxime at et voluptatum. Ut consequuntur consequuntur officiis veritatis pariatur eum qui delectus. Impedit qui deleniti voluptate mollitia laborum ex reprehenderit. Et repudiandae perferendis et qui sed incidunt veritatis.','eveniet',73,NULL,'1994-05-22 00:57:24','2000-08-24 08:39:20'),(75,3,75,'Beatae qui est ea dolores placeat deleniti autem. Est fugit repellat facilis et. Hic eius odio placeat ratione esse alias possimus. Cumque officiis ut minima excepturi doloremque.','optio',4680,NULL,'1977-11-23 14:16:53','2002-04-04 15:09:39'),(76,4,76,'Et dicta ipsum nihil ratione modi quo atque. Dolorem eum porro soluta velit. Rerum est velit sunt harum consequuntur non nulla. Consectetur et mollitia optio saepe explicabo alias aut.','voluptatem',581020944,NULL,'1974-03-21 17:37:04','1996-04-10 22:56:28'),(77,1,77,'Sequi a voluptas aperiam explicabo quod. Esse quis aut est necessitatibus est culpa vel. Voluptatem doloremque qui porro sapiente et.','ipsam',6,NULL,'2004-03-28 08:12:47','2005-01-21 12:38:51'),(78,2,78,'Totam recusandae dolorem minima sed quam ea sunt nesciunt. Est perferendis sapiente unde possimus necessitatibus facere enim. Ipsum ducimus facilis ut laborum.','qui',154662805,NULL,'2018-05-17 16:45:18','2003-01-17 05:09:20'),(79,3,79,'Facilis est sit reiciendis fugit. Aspernatur minus sint dicta occaecati dolor. Minima id qui totam dolores quo quis. Quo iure explicabo at voluptatem magnam.','voluptatem',1,NULL,'1998-02-08 18:38:04','1997-02-27 22:46:16'),(80,4,80,'Et eum ipsam doloremque quis quisquam. Eligendi minima aliquid omnis perferendis eos ut autem. Sequi pariatur voluptas molestiae doloribus.','aliquid',612633,NULL,'1978-11-07 14:13:38','1992-12-08 03:31:51'),(81,1,81,'Magnam aut expedita ut beatae qui soluta officiis. Sunt eius laudantium itaque alias. Rerum adipisci nihil qui ad. Occaecati a veritatis corporis.','fugiat',8952304,NULL,'1992-11-04 04:56:31','2017-12-27 15:18:11'),(82,2,82,'Dolores ut debitis repellendus vel. Quas et quo impedit quos. Error voluptatum ut magni sunt tempore. Dicta aut enim officiis nam nihil quo velit velit.','molestiae',59719,NULL,'2005-09-16 00:27:49','2002-12-26 20:08:08'),(83,3,83,'Illum assumenda repellat mollitia et in et excepturi. Ut itaque cumque voluptas. Rerum ullam similique accusamus qui hic.','accusamus',7841572,NULL,'1997-07-15 03:59:49','2017-01-14 06:19:35'),(84,4,84,'Sint aut illo laboriosam vel et commodi aspernatur tenetur. Optio et tempora magni non quia. Explicabo ducimus voluptatem a eum corrupti et. Nihil maxime iste magni amet.','totam',18,NULL,'1970-05-31 15:06:43','1983-07-08 19:31:10'),(85,1,85,'Ipsum voluptatum ex laboriosam voluptatem earum qui non. Dolorum voluptates ab et voluptatem odit et maxime. Ipsam autem a veniam et.','hic',144172117,NULL,'1993-04-06 01:42:11','1978-12-07 22:30:29'),(86,2,86,'Ut deserunt alias adipisci ad quam quo. Voluptas culpa est consequatur magni dignissimos corporis officiis. Asperiores consectetur accusamus laudantium id ratione repudiandae.','vel',7324,NULL,'1996-12-02 09:54:10','1976-12-17 03:41:04'),(87,3,87,'Quia et numquam illum voluptate excepturi. Placeat enim officia possimus eveniet. Esse dolorem illo dolores rerum exercitationem. Harum omnis reiciendis temporibus quod.','qui',1087094,NULL,'1976-09-25 00:19:57','2000-01-16 23:40:16'),(88,4,88,'Sed neque culpa natus nihil commodi. Maxime dolores rerum repudiandae. Et distinctio quia rerum cupiditate.','fugit',44274188,NULL,'1982-02-01 18:59:56','2009-03-27 22:54:00'),(89,1,89,'Harum sint praesentium voluptas ratione et architecto atque. Quia nihil ea dolores ipsum voluptate tenetur dolorem. Aperiam repellat cupiditate esse illum ex occaecati cupiditate.','dolorum',953,NULL,'1975-02-09 08:25:08','1995-03-04 16:37:25'),(90,2,90,'Consequatur aut quo nulla autem. Nesciunt quo voluptatem temporibus ratione rerum iusto atque. Ut inventore dolorem et nostrum in animi exercitationem incidunt.','quis',10405,NULL,'1973-10-05 06:01:33','2009-01-23 09:08:47'),(91,3,91,'Ipsam iste ratione harum. Sequi aliquam necessitatibus aliquid a eos a. Qui ducimus dolor voluptates dolor deleniti nesciunt.','quia',49400,NULL,'2018-12-19 11:51:59','2008-07-28 14:24:42'),(92,4,92,'Placeat molestiae et aut consequuntur dignissimos tenetur in. Nihil quia occaecati unde ad. Rerum quibusdam vero qui enim labore vel. Non et sint quia eaque.','nihil',588288,NULL,'1985-08-27 13:12:49','1990-07-23 01:47:23'),(93,1,93,'Aut quasi illum magnam nisi molestias corrupti. Perferendis voluptas deserunt maiores. Possimus eum velit ratione sint. Dignissimos facilis repellendus inventore atque.','tempora',702667,NULL,'1986-11-12 06:45:02','1975-07-24 12:15:27'),(94,2,94,'Culpa illo itaque voluptatem non eos velit est. Cumque expedita enim assumenda laboriosam est accusamus fugit voluptatem. Quia officia omnis laboriosam praesentium numquam aut odio.','soluta',8,NULL,'1976-10-07 17:43:18','2000-04-20 01:54:30'),(95,3,95,'Et et ab voluptatum et magnam temporibus velit laborum. Culpa iure officiis temporibus quis fuga quo dolorem. Aspernatur deleniti quisquam sed numquam perspiciatis qui quia autem. Aut sunt laborum accusamus omnis fugit sed veniam.','repellat',77,NULL,'1975-07-05 22:14:14','1995-08-15 01:21:51'),(96,4,96,'Dolorem a id tenetur recusandae neque. Cupiditate atque dolore eos alias facere et ut ut. Beatae libero quidem et qui velit. Qui consequatur non qui ipsum sit mollitia qui veniam.','est',398966,NULL,'1974-12-25 13:40:43','2013-01-22 19:02:23'),(97,1,97,'Quisquam ducimus est harum. Quasi odit maiores tempore. Ut ducimus et voluptas facere. Molestiae qui nihil eveniet voluptas ex recusandae quia placeat.','voluptates',0,NULL,'2014-03-21 20:52:43','1998-05-03 16:09:16'),(98,2,98,'Tempora a optio pariatur ipsam eveniet laudantium. Rerum nobis ipsam aut eaque eos excepturi. Nulla et quos id ducimus. Quisquam dolor voluptas iste consequatur aliquam ut error officiis.','amet',0,NULL,'1993-04-30 05:30:22','1995-10-21 20:36:58'),(99,3,99,'Perferendis distinctio qui sapiente omnis. Inventore consequatur eos harum eum harum. Eveniet voluptas illo voluptatem ipsam ut.','quaerat',11,NULL,'1975-11-29 15:18:14','1994-02-09 04:02:55'),(100,4,100,'Distinctio maxime sed quis consequatur aliquid. Harum veritatis sed officia quis. Optio ad magni occaecati deserunt aut sit. Magni et est sed voluptatem esse minus qui cum.','qui',0,NULL,'2009-05-09 19:03:01','2015-07-30 04:54:54');
/*!40000 ALTER TABLE `media` ENABLE KEYS */;
UNLOCK TABLES;

--
-- Table structure for table `media_types`
--

DROP TABLE IF EXISTS `media_types`;
/*!40101 SET @saved_cs_client     = @@character_set_client */;
/*!40101 SET character_set_client = utf8 */;
CREATE TABLE `media_types` (
  `id` bigint(20) unsigned NOT NULL AUTO_INCREMENT,
  `name` varchar(255) COLLATE utf8mb4_unicode_ci DEFAULT NULL,
  `created_at` datetime DEFAULT current_timestamp(),
  `updated_at` datetime DEFAULT NULL ON UPDATE current_timestamp(),
  UNIQUE KEY `id` (`id`)
) ENGINE=InnoDB AUTO_INCREMENT=5 DEFAULT CHARSET=utf8mb4 COLLATE=utf8mb4_unicode_ci;
/*!40101 SET character_set_client = @saved_cs_client */;

--
-- Dumping data for table `media_types`
--

LOCK TABLES `media_types` WRITE;
/*!40000 ALTER TABLE `media_types` DISABLE KEYS */;
INSERT INTO `media_types` VALUES (1,'consectetur','2006-07-06 05:33:19','1974-11-27 01:39:12'),(2,'aut','2009-10-08 11:39:01','2004-11-07 01:37:44'),(3,'voluptates','1987-04-05 11:41:05','1982-10-15 10:54:46'),(4,'impedit','2013-03-09 18:05:29','2011-08-18 00:28:11');
/*!40000 ALTER TABLE `media_types` ENABLE KEYS */;
UNLOCK TABLES;

--
-- Table structure for table `messages`
--

DROP TABLE IF EXISTS `messages`;
/*!40101 SET @saved_cs_client     = @@character_set_client */;
/*!40101 SET character_set_client = utf8 */;
CREATE TABLE `messages` (
  `id` bigint(20) unsigned NOT NULL AUTO_INCREMENT,
  `from_user_id` bigint(20) unsigned NOT NULL,
  `to_user_id` bigint(20) unsigned NOT NULL,
  `body` text COLLATE utf8mb4_unicode_ci DEFAULT NULL,
  `created_at` datetime DEFAULT current_timestamp(),
  UNIQUE KEY `id` (`id`),
  KEY `from_user_id` (`from_user_id`),
  KEY `to_user_id` (`to_user_id`),
  CONSTRAINT `messages_ibfk_1` FOREIGN KEY (`from_user_id`) REFERENCES `users` (`id`),
  CONSTRAINT `messages_ibfk_2` FOREIGN KEY (`to_user_id`) REFERENCES `users` (`id`)
) ENGINE=InnoDB AUTO_INCREMENT=101 DEFAULT CHARSET=utf8mb4 COLLATE=utf8mb4_unicode_ci;
/*!40101 SET character_set_client = @saved_cs_client */;

--
-- Dumping data for table `messages`
--

LOCK TABLES `messages` WRITE;
/*!40000 ALTER TABLE `messages` DISABLE KEYS */;
INSERT INTO `messages` VALUES (1,1,1,'Vitae est est labore illo. Voluptates veniam ratione consequatur ut. Voluptas voluptatem in aut dolor soluta distinctio natus deleniti. Qui autem impedit doloribus.','1996-02-11 23:09:17'),(2,2,2,'Rerum ut eveniet reprehenderit voluptas voluptatem facere. Temporibus omnis sint blanditiis excepturi. Ea fuga maiores commodi repellendus quaerat asperiores perferendis. Necessitatibus eum molestiae non voluptatem autem vel.','1977-08-16 22:06:33'),(3,3,3,'Dolor nihil distinctio consequatur laborum aspernatur. Facere fugit et fugiat aut. Illum cum sunt qui provident ducimus molestiae dolores.','2017-02-15 03:04:15'),(4,4,4,'Inventore quia hic suscipit non odit blanditiis. Maiores ab quia et qui est deleniti eveniet. Rerum quae repudiandae explicabo. Ullam cum quod eum nihil.','2001-04-09 05:04:04'),(5,5,5,'Repellendus hic quisquam quidem. Sunt aut voluptatem facilis quod commodi blanditiis. Omnis neque dolore non sed.','2003-01-03 16:36:20'),(6,6,6,'Dolorem et voluptatem necessitatibus esse odit. Doloremque corrupti commodi enim omnis. Dolorum rerum repellat qui et animi nisi.','2020-07-21 10:02:21'),(7,7,7,'Quod iure magni dolor doloremque. Molestiae ex et ea perspiciatis aut ut. Eos qui molestiae laboriosam at. Itaque sint rerum magni aliquid maiores id est dolor.','1987-03-06 07:22:59'),(8,8,8,'Beatae et quas delectus alias. Praesentium deleniti recusandae perferendis dolor ipsum rem. Aut qui magni nesciunt.','2012-11-19 19:53:10'),(9,9,9,'Est voluptatum quis in possimus odit temporibus est ullam. Ratione ducimus quia repellendus dignissimos molestiae omnis. Quidem nostrum dolorem rerum cupiditate. Id natus aut illum.','1977-05-02 15:05:00'),(10,10,10,'Voluptatem reiciendis maxime sed ullam sunt vel temporibus. Laudantium nemo qui earum et exercitationem ut consectetur dolores. Quidem porro sed est ducimus est corporis voluptatem. Autem ipsa cumque autem et nihil ea sit adipisci. Sint quae recusandae eum ipsam quasi molestiae.','2016-03-28 18:54:52'),(11,11,11,'Blanditiis quam corrupti non assumenda dolores dolorum laudantium. Quidem et repellendus sit tenetur. Sequi quod ex blanditiis et. Asperiores sed magnam eos beatae autem.','2014-10-06 16:12:27'),(12,12,12,'Ad et deserunt aperiam. Sint explicabo dolores nihil molestias id ut voluptas. Eos ut tempora veritatis distinctio rerum.','1998-11-17 06:29:02'),(13,13,13,'Nostrum perferendis excepturi dolore sunt ratione a autem. Inventore quaerat modi voluptatem praesentium iste similique. Aspernatur et placeat reiciendis sint officia dolorum ad. Quia et omnis commodi quo sapiente.','1993-09-20 02:27:29'),(14,14,14,'Aut reiciendis eligendi aliquid nesciunt. Autem ipsam accusamus voluptatem voluptatem saepe. Aut voluptas reprehenderit dignissimos repellat autem. Aut molestiae similique labore atque neque quo atque non.','2007-03-16 13:22:09'),(15,15,15,'Perferendis optio sint repellat est aperiam ab veritatis. Est temporibus dolorem dicta. Voluptas perferendis unde ab praesentium. Cum velit ipsum reiciendis.','2006-04-11 09:16:17'),(16,16,16,'Laborum maxime aspernatur eos impedit et. Saepe molestias et doloremque placeat et a odit.','2015-01-02 08:57:44'),(17,17,17,'At doloribus et odio. Consequuntur eum incidunt qui soluta occaecati fugit. Sit natus possimus expedita incidunt et sint alias. Sapiente aspernatur ducimus in minus soluta.','1997-12-22 03:23:17'),(18,18,18,'Ex mollitia aut blanditiis rerum. Soluta et aut illum ad inventore et nesciunt. Veritatis officiis et dignissimos repudiandae sed qui.','1970-09-27 08:49:20'),(19,19,19,'Ab modi eligendi dolorem nulla nemo vero. Iure rerum dolorem explicabo exercitationem omnis. Assumenda maxime ducimus blanditiis.','1974-05-18 00:17:29'),(20,20,20,'Inventore a voluptatum corporis. Ut et illo quis perspiciatis molestias. Velit quam dolor odit. Aut pariatur officia aspernatur.','1972-03-01 17:54:41'),(21,21,21,'Amet quidem unde asperiores laborum numquam. Est ipsum laudantium explicabo vitae eligendi. Consequatur quia accusamus illum expedita deleniti. Beatae repellat ea earum nisi error.','1990-04-21 09:33:18'),(22,22,22,'Dolorem ut aperiam est et distinctio. Laboriosam voluptatem magnam illum aliquid. Amet qui ex beatae architecto repellendus hic.','2007-04-10 04:59:37'),(23,23,23,'Sint est libero facere accusamus error tempora. Saepe voluptatem occaecati eos blanditiis nesciunt et. Consequuntur soluta sed qui aut repudiandae.','1990-11-22 08:49:54'),(24,24,24,'Delectus blanditiis quis quibusdam soluta et repellat. Adipisci totam laudantium libero et quisquam debitis. Rem odit fuga laborum pariatur. Esse omnis dolores delectus incidunt tenetur et.','1980-02-01 17:56:03'),(25,25,25,'Voluptas dicta cupiditate explicabo omnis nesciunt numquam. Quibusdam non ex nihil voluptatem tempora voluptas nam. Quasi occaecati voluptas expedita molestiae veniam voluptatum.','1993-07-13 05:27:51'),(26,26,26,'Tenetur rerum corporis quod unde quibusdam recusandae. Sed fugit sed aut aut id inventore.','1996-12-13 11:00:18'),(27,27,27,'Repellendus ut totam mollitia corporis perspiciatis. Ratione ipsam et quae quam porro magni. Ratione saepe voluptatem consequuntur eum quidem nisi.','1973-05-06 19:09:56'),(28,28,28,'Deserunt cum velit tempora. Quod quibusdam error nemo quod provident quia tempore reiciendis. Velit ut voluptas voluptatem ut. Commodi tenetur sit ipsam vitae cumque qui.','1973-07-11 20:09:28'),(29,29,29,'Amet provident ipsum eum. Enim deleniti sequi suscipit et recusandae ut consequuntur. Reprehenderit rerum tempore assumenda rerum consequatur veritatis qui.','1985-07-23 00:29:57'),(30,30,30,'Cum iusto voluptate exercitationem adipisci. Tenetur adipisci aliquid id qui dolorum dignissimos ut. Aperiam culpa maxime eos labore.','1989-09-08 21:44:30'),(31,31,31,'Totam est perspiciatis totam vel rerum. Accusamus voluptatem quod animi voluptate consequatur. Non excepturi magni quia nihil eum sequi in. Esse debitis inventore odio necessitatibus quaerat tenetur.','2005-08-12 05:52:30'),(32,32,32,'Et qui voluptatibus dolorem. Asperiores aut expedita autem quis neque et. Amet recusandae est laboriosam quisquam non enim rerum.','1998-05-23 11:22:00'),(33,33,33,'Corporis necessitatibus tempore sed et. Quia voluptas vel iure totam et eum iste ipsam. Illo mollitia sunt aut sit atque.','1981-12-11 11:08:22'),(34,34,34,'Magni consequuntur est nulla exercitationem. Aliquid mollitia qui ut neque molestiae.','1997-09-26 19:44:43'),(35,35,35,'Nisi nihil voluptatem omnis deserunt voluptatem quis qui. Est dignissimos ratione eos. Velit nesciunt dolor sed illo quibusdam sunt aut.','1992-04-10 20:30:30'),(36,36,36,'Corporis maiores deserunt quisquam quaerat magnam enim. Reiciendis quia nihil ut atque debitis exercitationem veniam omnis. Ea fuga eum ut est qui maxime.','1988-06-04 02:17:11'),(37,37,37,'Ut voluptatibus architecto similique iste rerum. Qui nobis in id totam. Maxime repellendus et labore qui. Dolorum in aspernatur eveniet aut sed.','1989-02-24 14:34:54'),(38,38,38,'Quasi et et non non maxime sed. Dolor in qui aliquid reprehenderit nobis sint. Sed ipsum minima ut reprehenderit sit dolore.','2002-02-15 14:19:51'),(39,39,39,'Voluptas est atque dolore nisi voluptatem magni unde. Eaque et aut assumenda aliquid officia. Corporis placeat ut autem et qui in modi. Odit quis sunt magni quisquam nihil pariatur aut enim.','1977-10-21 09:41:34'),(40,40,40,'Veniam quia non sed. Autem quibusdam quibusdam quis ut sapiente et consectetur in. Consequuntur nulla et libero fuga omnis. Iste voluptate quia est accusantium aliquid.','1970-05-25 15:19:15'),(41,41,41,'Ea dignissimos harum earum aperiam aliquam qui sunt. Soluta cum impedit maiores consequuntur reiciendis exercitationem. Sunt repellat dolores et aut occaecati. Quo voluptatem adipisci perspiciatis occaecati. Est culpa iusto et qui neque dolor.','1981-06-20 16:33:52'),(42,42,42,'Illum sunt odit commodi est laboriosam quo. Error et architecto voluptatibus accusantium perspiciatis ut. Quidem architecto velit repudiandae vitae sit est. Accusamus fugit accusantium inventore.','1998-04-03 22:50:14'),(43,43,43,'Maxime laudantium ut velit facilis. Provident ut quisquam omnis quasi. Nihil similique quibusdam quia earum.','2017-10-09 23:42:07'),(44,44,44,'Ut pariatur consequatur dolor vero quis animi delectus aut. Qui ex ipsum repellendus error ratione. Tempore ullam repellendus ratione ducimus omnis voluptatum voluptatem.','1990-07-24 07:04:34'),(45,45,45,'Dolores ratione et consequatur reprehenderit. Et esse dolorum aliquam quia aut.','1976-06-28 06:39:10'),(46,46,46,'Non ratione inventore magnam. Error reiciendis et eos est. Error et alias est fuga. Illo vitae enim ullam eum tempore et.','1981-06-11 17:20:13'),(47,47,47,'Iste harum excepturi omnis voluptas enim aut fuga qui. Ab vel sit rerum dignissimos sunt labore. Dolores quas in optio soluta delectus iure. Cupiditate quaerat officia consectetur quisquam.','1972-12-09 08:57:23'),(48,48,48,'Veritatis sint molestias qui commodi aut rerum eaque. Quis et omnis dolores consectetur facere dolor laboriosam. Est inventore quia numquam quia ipsa porro aspernatur.','1980-05-23 03:17:01'),(49,49,49,'Eum amet facilis aut id nemo laudantium. Et est non nam. Nulla est exercitationem rerum. Repudiandae provident expedita error suscipit.','1972-03-28 04:35:08'),(50,50,50,'Magni optio enim mollitia itaque voluptates fuga reprehenderit eum. Omnis ab eos reprehenderit et et cumque magnam. Ut quia voluptatibus commodi sunt qui et.','2003-09-22 01:00:46'),(51,51,51,'Nihil quas consequatur inventore eveniet voluptatem non laudantium. Rerum nihil qui qui commodi quam. Praesentium assumenda tenetur quia voluptas possimus. Voluptate est perspiciatis est ex nam.','1975-02-23 08:05:18'),(52,52,52,'Aut iusto omnis animi accusantium nihil odio recusandae. Impedit qui velit ut in. Dolorum qui dolorem consequatur rerum dolor animi sit. Ut voluptatum earum non ad quasi eius dolorem commodi.','2007-01-10 02:21:12'),(53,53,53,'Vel est sunt ad quidem dolor. Iusto non consequatur consequuntur repellendus ullam perferendis impedit. Beatae pariatur minus exercitationem accusamus sequi.','1988-06-18 21:48:56'),(54,54,54,'Officia illum perspiciatis ut consequatur eius ab sit repellendus. Sint eaque deserunt est voluptate aspernatur ut deleniti. Ratione ut omnis aut minus odio ipsum consequuntur.','2018-12-12 22:33:30'),(55,55,55,'Voluptatibus enim sed dolores asperiores similique. Est voluptas libero dolores. Labore assumenda rerum facere itaque. Pariatur sequi non omnis unde non dignissimos.','1993-08-14 02:19:07'),(56,56,56,'Amet cupiditate nemo nesciunt earum. Quaerat rerum dicta laborum rerum culpa id est.','1981-07-25 12:30:12'),(57,57,57,'Itaque ratione possimus sed at quia. Quasi nemo similique tempora amet odit omnis. Sint aut ducimus autem dolorum accusantium. Et aliquid porro iusto iusto asperiores.','1990-10-17 17:01:39'),(58,58,58,'Accusantium rerum exercitationem officia earum maxime sunt. Accusantium tempora id esse quo odit sapiente odio. Et eos eos nisi fuga qui laudantium. Velit ad dolorem quia officia modi.','1975-10-15 00:00:15'),(59,59,59,'Reiciendis ipsam culpa unde quia tempore. Ut aliquam ad doloribus nulla distinctio ipsum rerum. Fugit assumenda ea eius ex magni non.','1989-09-24 16:24:59'),(60,60,60,'Voluptatibus repudiandae adipisci consequatur corporis commodi exercitationem qui rerum. Error quia mollitia doloribus sint nihil est et. Magni praesentium repudiandae porro itaque hic autem. Vel laboriosam repudiandae ea accusantium qui.','1982-02-05 19:33:00'),(61,61,61,'Est aut aut amet rem quam ducimus itaque. Molestiae libero velit qui aspernatur doloremque. Veniam eum harum repellat quidem et eligendi. Ut qui et necessitatibus aut.','2011-01-31 21:56:48'),(62,62,62,'Quae placeat voluptatibus numquam magni. Aspernatur ea blanditiis nihil qui eligendi. Quis aut fuga et voluptas numquam. Nihil ex qui aut similique modi dolores vitae.','2003-12-28 22:28:48'),(63,63,63,'Occaecati numquam in explicabo a quia optio. Odio sequi est iure impedit voluptate. Eligendi nostrum laboriosam qui facere delectus. Omnis necessitatibus aliquid eum cumque rem.','2000-10-08 21:53:02'),(64,64,64,'Occaecati culpa quae qui consequuntur consequatur. Ipsa quis tempore consectetur quo dolore. Debitis omnis ut quo dignissimos.','2006-10-18 11:44:16'),(65,65,65,'Eum beatae culpa dignissimos consectetur provident blanditiis aut. Et magnam mollitia debitis atque. Perferendis exercitationem exercitationem quia odio est. Voluptatum nulla dignissimos ipsam.','2006-03-04 15:59:23'),(66,66,66,'Excepturi quis et unde aperiam cupiditate dolorem dicta. Libero et autem consequatur error dolorem. Vitae perspiciatis corporis eligendi reprehenderit.','2008-05-04 18:31:17'),(67,67,67,'A debitis a nihil ipsam. Dolorem aut sint iusto adipisci odit velit optio.','2012-09-13 18:24:59'),(68,68,68,'Quae tempora blanditiis dolores cumque voluptatem. Quibusdam molestiae incidunt eveniet aut sunt delectus aut nulla. Quo provident cum nesciunt quia et facere.','2020-05-23 14:15:53'),(69,69,69,'Eum natus ex omnis. Perferendis id rem aut laborum et distinctio sit iusto. In dolores cum minima perspiciatis. Voluptatibus non temporibus voluptas voluptatem aut.','1972-03-22 23:20:26'),(70,70,70,'Dolor ab inventore maiores eum qui quasi incidunt. Ab rerum quibusdam consectetur in quo similique. Ut consequatur eveniet nihil sapiente omnis. Sed adipisci aliquam natus nobis tempora.','2011-11-18 00:34:15'),(71,71,71,'Cumque beatae eligendi et consequatur rerum qui sint odio. Nulla aliquid et soluta nam modi. Qui nemo ipsa est. Est quisquam molestiae quo est dolor rem.','2020-05-28 17:22:22'),(72,72,72,'Totam natus similique qui corrupti recusandae. Rerum commodi adipisci qui placeat. Dignissimos eveniet cum sunt sed. Temporibus veritatis velit earum eos omnis dolorem.','2016-01-27 06:04:13'),(73,73,73,'Est quae aut vel architecto. Eius harum molestias eaque exercitationem iure aut. Autem sapiente qui velit consequatur. Consequatur deleniti et non ut unde assumenda magnam.','2010-05-06 07:18:20'),(74,74,74,'Veritatis dolorem atque consequuntur. Dolor eos reprehenderit est quos aperiam omnis veritatis eligendi. Illum occaecati soluta ea cumque minus.','1990-04-20 18:33:12'),(75,75,75,'Expedita ut dignissimos aut deleniti. Quod quo mollitia voluptatibus consequatur perferendis possimus. Qui aut enim nam veniam.','2017-10-15 00:40:21'),(76,76,76,'Aut ipsum qui sed qui. Temporibus vero quasi unde quaerat autem accusantium ipsam rerum. Incidunt facere ut libero et necessitatibus et in. Quia veritatis corporis dolorum quis vero quam hic.','1988-09-26 19:35:43'),(77,77,77,'Officia non autem et nam aut. Dolores pariatur molestiae iure fugiat repudiandae. Vitae voluptatem dolor atque consectetur quia sequi pariatur.','1991-05-26 21:58:28'),(78,78,78,'Asperiores corporis dicta qui qui. Nemo nostrum reiciendis sit quia blanditiis. Sint ea repudiandae dignissimos et omnis.','2005-05-15 11:09:54'),(79,79,79,'Ut ut in sit quis qui aut. Nihil assumenda repudiandae cupiditate ipsa quasi eum praesentium. Id est perferendis quaerat id dolorem. Ad voluptatem laudantium enim est dolor sit. Dolorem illo qui quia sunt sunt beatae.','1991-12-18 11:27:34'),(80,80,80,'Maiores ea sapiente quas quia. Quia sint sunt beatae consequatur consequatur laboriosam deserunt. Et quia asperiores modi accusantium quia fuga.','1982-01-31 16:17:02'),(81,81,81,'Cupiditate omnis voluptatem inventore enim et quia dolore sit. Laudantium tempora non facere alias quod ut. Quos unde tempore qui tenetur ad quidem maxime.','1972-06-04 10:06:54'),(82,82,82,'Architecto incidunt possimus quidem deserunt eos ipsa. Perferendis vel impedit velit tempore ea animi. Deserunt commodi qui aut nisi labore velit. Voluptas veritatis ipsa possimus rerum id dolorem.','1977-09-15 07:35:09'),(83,83,83,'Non facere sint explicabo autem consequatur. Id omnis et natus atque. Quam est eaque cupiditate doloribus et. Deleniti nostrum facere eum quis.','2015-11-23 01:43:19'),(84,84,84,'Rerum qui explicabo consequatur eius culpa qui corporis quod. Voluptate id consectetur saepe minus omnis. Ab consequatur alias ut qui dolores ducimus expedita. Quo nisi qui ut repellendus esse veritatis.','2016-10-28 01:01:06'),(85,85,85,'Qui facilis quos qui molestiae laboriosam voluptas. Mollitia rerum vero suscipit quibusdam odit ullam et cupiditate. Dicta aut vel et.','1977-08-21 08:30:55'),(86,86,86,'Molestiae cumque voluptates expedita. Sit qui ratione eveniet optio tempore quis cum. Esse et veniam est odio voluptas atque architecto. Praesentium soluta atque doloribus voluptate.','1999-05-15 06:58:18'),(87,87,87,'Natus perspiciatis ut qui atque quod nemo. Error et ea molestiae explicabo totam ipsum quod. Sapiente est optio qui. Ipsa veniam dolorem est assumenda blanditiis qui.','1982-08-06 10:36:39'),(88,88,88,'Et sunt est porro maxime. Optio exercitationem deserunt sed fugiat sed ipsam et. Sapiente placeat ullam optio consectetur. Unde tenetur ex eaque nobis.','2021-02-03 04:28:00'),(89,89,89,'Eum libero voluptates et. Molestiae et adipisci illo a. Et excepturi facere repellendus ipsa enim. Animi consequuntur blanditiis expedita omnis velit officia. Dolor nisi corporis aut qui saepe sunt.','1971-03-12 02:17:16'),(90,90,90,'Earum repudiandae quas optio eveniet voluptatibus omnis eos. Possimus numquam et blanditiis maxime et aut. Exercitationem consequuntur assumenda sed nihil cum. Et eos repellat in aut. Qui saepe cum corporis beatae et dolorem.','1997-01-24 11:39:31'),(91,91,91,'Sequi blanditiis ut aut repellendus consequuntur saepe rerum. Occaecati cumque aut repudiandae ut. Recusandae eaque quia occaecati perferendis ea tenetur a quidem. Ducimus quisquam accusantium ut.','2004-02-22 16:23:30'),(92,92,92,'Laborum facilis autem et quia magnam. Ex quas officia error doloremque aperiam dignissimos nam consequatur. Fugiat et voluptates tenetur atque ducimus itaque nihil. Aut repudiandae facilis consequatur a accusamus et. Itaque id aut et nihil ut.','1981-09-01 09:57:46'),(93,93,93,'Perspiciatis ratione facilis soluta doloremque expedita in et. Cum ut minima distinctio soluta quidem ut. Maxime accusamus et dicta quo non rerum. Qui voluptas vitae omnis iure modi et.','2004-08-07 03:15:21'),(94,94,94,'Cumque officiis necessitatibus mollitia fugiat inventore. Ea quaerat hic enim. Non eum saepe est eos dolorem.','1993-02-12 21:14:39'),(95,95,95,'Consectetur cumque enim molestiae ex. Dicta quia fuga officia sit praesentium rerum. Vel suscipit ratione quia ex deleniti ea neque vitae.','2009-09-10 14:28:08'),(96,96,96,'Est optio magni beatae adipisci minima nemo ipsam accusamus. Id facilis minima incidunt voluptate sint eos est. Eveniet laboriosam aut sed voluptas nesciunt. Dolorum aliquam sit voluptatem eius iste omnis.','1976-07-13 21:52:15'),(97,97,97,'In esse molestiae quis nobis in in cum. Aperiam similique provident sunt sed. Rem et optio minima repellendus.','1993-08-14 10:44:10'),(98,98,98,'Aperiam et atque distinctio molestias explicabo. Expedita et est blanditiis quam. Autem quae velit vitae cumque. Aliquam tempore iusto rem sunt in occaecati.','2006-11-21 02:47:16'),(99,99,99,'Accusamus aliquid reiciendis ullam id vero perspiciatis ullam. Placeat in aut quia rerum dicta. Esse odit dolor deserunt fugit. Hic eum ut quibusdam nisi. Odio voluptatibus qui quia dolor.','1994-03-04 14:42:12'),(100,100,100,'Consequatur qui fugiat ipsum consequatur. Cupiditate modi qui qui assumenda. Corporis ut perspiciatis qui libero sint aspernatur quas. Incidunt repellendus sunt corporis ut molestiae est nostrum.','1988-03-05 14:53:34');
/*!40000 ALTER TABLE `messages` ENABLE KEYS */;
UNLOCK TABLES;

--
-- Table structure for table `photo_albums`
--

DROP TABLE IF EXISTS `photo_albums`;
/*!40101 SET @saved_cs_client     = @@character_set_client */;
/*!40101 SET character_set_client = utf8 */;
CREATE TABLE `photo_albums` (
  `id` bigint(20) unsigned NOT NULL AUTO_INCREMENT,
  `name` varchar(255) COLLATE utf8mb4_unicode_ci DEFAULT NULL,
  `user_id` bigint(20) unsigned DEFAULT NULL,
  PRIMARY KEY (`id`),
  UNIQUE KEY `id` (`id`),
  KEY `user_id` (`user_id`),
  CONSTRAINT `photo_albums_ibfk_1` FOREIGN KEY (`user_id`) REFERENCES `users` (`id`)
) ENGINE=InnoDB AUTO_INCREMENT=101 DEFAULT CHARSET=utf8mb4 COLLATE=utf8mb4_unicode_ci;
/*!40101 SET character_set_client = @saved_cs_client */;

--
-- Dumping data for table `photo_albums`
--

LOCK TABLES `photo_albums` WRITE;
/*!40000 ALTER TABLE `photo_albums` DISABLE KEYS */;
INSERT INTO `photo_albums` VALUES (1,'doloremque',1),(2,'omnis',2),(3,'deleniti',3),(4,'non',4),(5,'aliquid',5),(6,'magnam',6),(7,'pariatur',7),(8,'aliquid',8),(9,'qui',9),(10,'a',10),(11,'provident',11),(12,'expedita',12),(13,'illo',13),(14,'eum',14),(15,'sunt',15),(16,'omnis',16),(17,'illo',17),(18,'consequatur',18),(19,'eos',19),(20,'sapiente',20),(21,'ducimus',21),(22,'recusandae',22),(23,'labore',23),(24,'deleniti',24),(25,'nam',25),(26,'porro',26),(27,'earum',27),(28,'id',28),(29,'perferendis',29),(30,'omnis',30),(31,'doloremque',31),(32,'dolores',32),(33,'et',33),(34,'alias',34),(35,'sed',35),(36,'id',36),(37,'et',37),(38,'et',38),(39,'placeat',39),(40,'aut',40),(41,'distinctio',41),(42,'iste',42),(43,'illo',43),(44,'ut',44),(45,'et',45),(46,'enim',46),(47,'voluptas',47),(48,'et',48),(49,'itaque',49),(50,'qui',50),(51,'molestias',51),(52,'rerum',52),(53,'sed',53),(54,'suscipit',54),(55,'ex',55),(56,'vel',56),(57,'magnam',57),(58,'consequatur',58),(59,'vel',59),(60,'ipsum',60),(61,'est',61),(62,'quo',62),(63,'dolorum',63),(64,'est',64),(65,'itaque',65),(66,'molestias',66),(67,'occaecati',67),(68,'suscipit',68),(69,'alias',69),(70,'omnis',70),(71,'et',71),(72,'est',72),(73,'veritatis',73),(74,'voluptatem',74),(75,'esse',75),(76,'accusamus',76),(77,'quos',77),(78,'alias',78),(79,'magnam',79),(80,'minima',80),(81,'tenetur',81),(82,'delectus',82),(83,'ut',83),(84,'eos',84),(85,'exercitationem',85),(86,'hic',86),(87,'temporibus',87),(88,'ut',88),(89,'dolor',89),(90,'illum',90),(91,'doloremque',91),(92,'qui',92),(93,'assumenda',93),(94,'repudiandae',94),(95,'numquam',95),(96,'deserunt',96),(97,'nostrum',97),(98,'mollitia',98),(99,'sed',99),(100,'aut',100);
/*!40000 ALTER TABLE `photo_albums` ENABLE KEYS */;
UNLOCK TABLES;

--
-- Table structure for table `photos`
--

DROP TABLE IF EXISTS `photos`;
/*!40101 SET @saved_cs_client     = @@character_set_client */;
/*!40101 SET character_set_client = utf8 */;
CREATE TABLE `photos` (
  `id` bigint(20) unsigned NOT NULL AUTO_INCREMENT,
  `album_id` bigint(20) unsigned DEFAULT NULL,
  `media_id` bigint(20) unsigned NOT NULL,
  UNIQUE KEY `id` (`id`),
  KEY `album_id` (`album_id`),
  KEY `media_id` (`media_id`),
  CONSTRAINT `photos_ibfk_1` FOREIGN KEY (`album_id`) REFERENCES `photo_albums` (`id`),
  CONSTRAINT `photos_ibfk_2` FOREIGN KEY (`media_id`) REFERENCES `media` (`id`)
) ENGINE=InnoDB AUTO_INCREMENT=101 DEFAULT CHARSET=utf8mb4 COLLATE=utf8mb4_unicode_ci;
/*!40101 SET character_set_client = @saved_cs_client */;

--
-- Dumping data for table `photos`
--

LOCK TABLES `photos` WRITE;
/*!40000 ALTER TABLE `photos` DISABLE KEYS */;
INSERT INTO `photos` VALUES (1,1,1),(2,2,2),(3,3,3),(4,4,4),(5,5,5),(6,6,6),(7,7,7),(8,8,8),(9,9,9),(10,10,10),(11,11,11),(12,12,12),(13,13,13),(14,14,14),(15,15,15),(16,16,16),(17,17,17),(18,18,18),(19,19,19),(20,20,20),(21,21,21),(22,22,22),(23,23,23),(24,24,24),(25,25,25),(26,26,26),(27,27,27),(28,28,28),(29,29,29),(30,30,30),(31,31,31),(32,32,32),(33,33,33),(34,34,34),(35,35,35),(36,36,36),(37,37,37),(38,38,38),(39,39,39),(40,40,40),(41,41,41),(42,42,42),(43,43,43),(44,44,44),(45,45,45),(46,46,46),(47,47,47),(48,48,48),(49,49,49),(50,50,50),(51,51,51),(52,52,52),(53,53,53),(54,54,54),(55,55,55),(56,56,56),(57,57,57),(58,58,58),(59,59,59),(60,60,60),(61,61,61),(62,62,62),(63,63,63),(64,64,64),(65,65,65),(66,66,66),(67,67,67),(68,68,68),(69,69,69),(70,70,70),(71,71,71),(72,72,72),(73,73,73),(74,74,74),(75,75,75),(76,76,76),(77,77,77),(78,78,78),(79,79,79),(80,80,80),(81,81,81),(82,82,82),(83,83,83),(84,84,84),(85,85,85),(86,86,86),(87,87,87),(88,88,88),(89,89,89),(90,90,90),(91,91,91),(92,92,92),(93,93,93),(94,94,94),(95,95,95),(96,96,96),(97,97,97),(98,98,98),(99,99,99),(100,100,100);
/*!40000 ALTER TABLE `photos` ENABLE KEYS */;
UNLOCK TABLES;

--
-- Table structure for table `profiles`
--

DROP TABLE IF EXISTS `profiles`;
/*!40101 SET @saved_cs_client     = @@character_set_client */;
/*!40101 SET character_set_client = utf8 */;
CREATE TABLE `profiles` (
  `user_id` bigint(20) unsigned NOT NULL,
  `gender` char(1) COLLATE utf8mb4_unicode_ci DEFAULT NULL,
  `birthday` date DEFAULT NULL,
  `photo_id` bigint(20) unsigned DEFAULT NULL,
  `created_at` datetime DEFAULT current_timestamp(),
  `hometown` varchar(100) COLLATE utf8mb4_unicode_ci DEFAULT NULL,
  UNIQUE KEY `user_id` (`user_id`),
  CONSTRAINT `fk_user_id` FOREIGN KEY (`user_id`) REFERENCES `users` (`id`) ON DELETE NO ACTION ON UPDATE CASCADE
) ENGINE=InnoDB DEFAULT CHARSET=utf8mb4 COLLATE=utf8mb4_unicode_ci;
/*!40101 SET character_set_client = @saved_cs_client */;

--
-- Dumping data for table `profiles`
--

LOCK TABLES `profiles` WRITE;
/*!40000 ALTER TABLE `profiles` DISABLE KEYS */;
INSERT INTO `profiles` VALUES (1,'','2008-04-13',1,'1981-05-28 03:10:32','dolorem'),(2,'','1998-12-29',2,'1986-10-12 15:26:35','ut'),(3,'','2015-07-08',3,'2021-05-05 12:21:39','enim'),(4,'','2003-07-03',4,'1975-05-07 03:10:22','eligendi'),(5,'1','2007-11-04',5,'2016-06-30 16:14:08','deserunt'),(6,'1','2012-06-26',6,'2018-07-01 12:33:46','qui'),(7,'1','1992-12-09',7,'1987-01-28 09:45:38','consequatur'),(8,'','1974-09-10',8,'1991-06-26 07:48:20','consequuntur'),(9,'','2008-06-02',9,'2019-09-27 19:29:05','perspiciatis'),(10,'','2005-08-27',10,'1985-01-20 05:03:06','quia'),(11,'1','1979-09-24',11,'2004-08-11 21:52:21','ut'),(12,'','1975-02-19',12,'1987-02-04 06:31:18','sapiente'),(13,'1','1993-07-21',13,'1985-07-25 04:26:42','tenetur'),(14,'1','2015-01-14',14,'2005-06-28 05:09:22','numquam'),(15,'','1974-08-16',15,'2002-02-01 11:11:32','consequatur'),(16,'1','2020-03-12',16,'1973-09-05 00:40:44','aut'),(17,'','2005-12-04',17,'2000-07-15 00:39:24','sed'),(18,'1','2012-10-22',18,'1991-03-15 07:31:47','nihil'),(19,'1','1971-01-27',19,'2006-12-13 05:35:11','voluptate'),(20,'1','1977-05-16',20,'1991-10-08 03:25:57','non'),(21,'','1991-02-22',21,'2011-01-10 21:34:12','aliquam'),(22,'1','1978-02-08',22,'2007-01-31 15:43:43','enim'),(23,'','1971-02-12',23,'2020-08-12 00:19:06','quaerat'),(24,'','1994-01-31',24,'1984-06-08 03:52:57','sapiente'),(25,'1','1981-01-08',25,'1979-03-08 12:35:39','deleniti'),(26,'','1981-01-25',26,'1988-06-29 14:24:44','earum'),(27,'1','2012-05-12',27,'2020-02-28 05:10:09','dolores'),(28,'','1980-09-04',28,'1985-01-30 04:03:25','quis'),(29,'1','1980-04-15',29,'1972-05-23 08:31:15','quo'),(30,'','1977-01-26',30,'1986-05-01 09:27:42','perferendis'),(31,'','1977-01-31',31,'1982-05-25 00:12:11','quis'),(32,'1','2011-12-04',32,'1983-10-12 16:49:57','unde'),(33,'1','1975-12-23',33,'1988-03-21 18:08:47','officia'),(34,'1','1986-07-06',34,'1995-06-02 22:24:46','est'),(35,'','2016-11-12',35,'1992-09-25 06:36:34','blanditiis'),(36,'1','1973-06-30',36,'1976-12-20 21:40:51','cumque'),(37,'','1979-08-01',37,'2006-09-15 12:11:24','qui'),(38,'','1972-12-24',38,'1993-07-29 03:12:37','est'),(39,'','1976-04-09',39,'2007-01-20 00:24:55','quos'),(40,'','2015-07-02',40,'1997-06-26 14:28:57','deserunt'),(41,'1','1996-09-20',41,'1987-09-28 21:01:09','ipsum'),(42,'1','1984-01-17',42,'2006-01-11 09:21:57','eveniet'),(43,'','1979-09-19',43,'2006-11-14 03:54:37','odit'),(44,'','1987-07-21',44,'2006-04-03 12:48:48','soluta'),(45,'','1999-09-18',45,'2018-10-22 18:41:56','nihil'),(46,'','1971-02-24',46,'2020-10-25 10:48:07','consequatur'),(47,'1','2006-01-04',47,'1999-08-20 07:05:13','ut'),(48,'','1972-12-07',48,'1988-10-24 05:30:41','quae'),(49,'1','1976-01-11',49,'2005-07-06 17:26:46','voluptatem'),(50,'','1995-02-03',50,'1982-04-15 03:05:27','aut'),(51,'','1988-02-24',51,'2013-05-29 14:59:05','ut'),(52,'','1979-06-30',52,'2002-08-20 09:42:08','iusto'),(53,'','1998-05-06',53,'2009-07-03 17:37:23','vel'),(54,'','1979-08-25',54,'2019-08-07 03:27:01','veniam'),(55,'','2015-02-23',55,'1980-11-03 14:13:02','soluta'),(56,'1','2020-07-30',56,'1987-05-05 17:44:23','ab'),(57,'1','1978-03-02',57,'1992-12-27 09:22:14','sint'),(58,'1','1973-12-06',58,'1993-09-23 17:53:20','consequuntur'),(59,'','1978-12-05',59,'2011-09-09 11:02:56','et'),(60,'1','2020-04-03',60,'2000-04-03 13:39:27','aut'),(61,'','2021-03-04',61,'1987-05-26 16:45:50','dolorem'),(62,'','1981-09-25',62,'1996-09-28 05:46:54','esse'),(63,'1','2013-02-09',63,'2012-01-29 23:25:21','repellat'),(64,'','1995-02-26',64,'1992-11-28 12:57:37','facere'),(65,'1','2001-03-13',65,'1984-04-11 17:53:24','molestias'),(66,'1','2014-04-18',66,'2005-07-28 09:30:53','quidem'),(67,'','1992-01-09',67,'1976-04-07 13:01:28','eaque'),(68,'','1970-10-17',68,'1991-05-27 15:41:51','accusamus'),(69,'','1986-06-22',69,'2007-06-08 22:36:41','ratione'),(70,'','1983-05-08',70,'2004-07-20 05:13:24','non'),(71,'1','2019-01-17',71,'1972-04-09 11:53:40','repellendus'),(72,'','1981-07-14',72,'2004-05-29 04:01:07','saepe'),(73,'','2018-10-21',73,'1998-07-01 09:11:40','facilis'),(74,'1','1981-08-10',74,'1989-03-31 22:37:00','rerum'),(75,'','2009-04-02',75,'1983-01-01 19:58:41','eligendi'),(76,'1','1985-11-04',76,'1998-05-11 12:04:22','accusantium'),(77,'1','1991-09-25',77,'2015-04-04 02:33:17','reiciendis'),(78,'','2008-08-10',78,'1986-08-07 07:58:28','facilis'),(79,'','1973-03-26',79,'1975-07-19 07:51:39','ratione'),(80,'1','2007-05-03',80,'1993-11-06 08:15:19','sit'),(81,'1','2008-04-23',81,'2008-01-18 12:20:25','non'),(82,'','2018-12-05',82,'1975-05-30 07:39:59','ullam'),(83,'1','1981-12-26',83,'2002-03-20 10:07:37','asperiores'),(84,'1','2017-08-19',84,'2001-09-13 05:27:10','natus'),(85,'','1991-03-08',85,'1982-08-18 18:04:28','consequuntur'),(86,'1','1982-03-22',86,'2019-01-07 00:07:11','est'),(87,'1','1975-09-20',87,'1984-01-06 14:13:28','accusantium'),(88,'1','1974-02-16',88,'1973-05-31 11:13:23','incidunt'),(89,'','1992-10-28',89,'1981-09-10 00:27:55','voluptas'),(90,'','2011-08-23',90,'1991-08-10 22:48:47','id'),(91,'1','2002-10-07',91,'1973-07-31 19:41:39','quis'),(92,'','1989-05-31',92,'1993-01-21 09:16:25','sed'),(93,'','1980-09-11',93,'1996-09-19 16:44:20','consequatur'),(94,'','1977-10-06',94,'2013-03-12 11:46:26','laboriosam'),(95,'1','2006-12-29',95,'1976-06-08 10:21:12','quia'),(96,'','1974-10-26',96,'2005-12-31 17:14:02','ut'),(97,'1','1992-02-27',97,'1999-10-11 16:29:01','ut'),(98,'','2013-01-03',98,'2012-11-28 19:12:51','dolore'),(99,'','2017-06-10',99,'1981-05-20 14:20:38','eius'),(100,'1','1989-07-13',100,'2019-05-12 19:13:06','et');
/*!40000 ALTER TABLE `profiles` ENABLE KEYS */;
UNLOCK TABLES;

--
-- Table structure for table `users`
--

DROP TABLE IF EXISTS `users`;
/*!40101 SET @saved_cs_client     = @@character_set_client */;
/*!40101 SET character_set_client = utf8 */;
CREATE TABLE `users` (
  `id` bigint(20) unsigned NOT NULL AUTO_INCREMENT,
  `firstname` varchar(50) COLLATE utf8mb4_unicode_ci DEFAULT NULL,
  `lastname` varchar(50) COLLATE utf8mb4_unicode_ci DEFAULT NULL COMMENT 'Фамиль',
  `email` varchar(120) COLLATE utf8mb4_unicode_ci DEFAULT NULL,
  `password_hash` varchar(100) COLLATE utf8mb4_unicode_ci DEFAULT NULL,
  `phone` bigint(20) unsigned DEFAULT NULL,
  PRIMARY KEY (`id`),
  UNIQUE KEY `email` (`email`),
  UNIQUE KEY `phone` (`phone`),
  KEY `users_firstname_lastname_idx` (`firstname`,`lastname`)
) ENGINE=InnoDB AUTO_INCREMENT=101 DEFAULT CHARSET=utf8mb4 COLLATE=utf8mb4_unicode_ci COMMENT='юзеры';
/*!40101 SET character_set_client = @saved_cs_client */;

--
-- Dumping data for table `users`
--

LOCK TABLES `users` WRITE;
/*!40000 ALTER TABLE `users` DISABLE KEYS */;
INSERT INTO `users` VALUES (1,'Taya','Bailey','pouros.alek@example.org','ac6b2625b64059400461163b0dbd2a7ccbb7b511',87312042997),(2,'Randall','Macejkovic','russel.modesto@example.com','bfcddc5929482d0a36ff2cd6836548e2f2c56184',81340603437),(3,'Coy','Koelpin','eulah48@example.net','3b34f0923d9fc8a2a83a4e867631f2e8e34d7e5b',81477814908),(4,'Rocio','Witting','elindgren@example.com','5468aefc6aa6b0ba2c1f7aba6fe38d7e85f8fe33',80641804570),(5,'Mariana','Kozey','brakus.elton@example.com','2b27e0999e9e8f4a83c3a886215a2b24cddc46c9',87991817141),(6,'Christy','Veum','pschumm@example.org','8876b29b45c4ab6ecc79da43bd3f5bf9f7449332',87857876457),(7,'Madisyn','Walker','bberge@example.net','b4411d0dc2412852b324652674b66e3c47fdaa87',89266554159),(8,'Gilberto','Walker','lubowitz.amina@example.com','672fd2c8d93d7007a7c400b77959d78fd6e36594',81013748301),(9,'Adrien','Bashirian','zmarks@example.com','6e53e10f36dd84e5518dd80a4df88ba020f9f034',85387701876),(10,'Demetris','Schimmel','bcartwright@example.org','bc153b4fdcab62e796e349fbfc5b591da52aaf46',83954780385),(11,'Kevin','Kirlin','miller.ernestine@example.org','4e26908bb254a51862e0a19098077ff5b4cdea03',89589686272),(12,'Diamond','Watsica','xgleichner@example.net','d8d46853c306cbf0cd35b5f18c0199bcbd0def8f',80323623530),(13,'Solon','Kutch','obrekke@example.com','3335f5b71146cd89e2dbb5f54e750a4bf8f1e5e7',89052079096),(14,'Lelah','Pollich','trinity.klein@example.org','126969578ce870ce66d4bc4903ac7346a5c32afe',82272874210),(15,'Dasia','Gaylord','may45@example.org','48e2c5dd6335e29e61df550bc48942a8f56bf59c',85811952748),(16,'Brenda','Upton','lemke.elmo@example.org','87f10cae790f24cb3372f3bb1ca1852ef95d0154',83600365822),(17,'Davonte','Ullrich','franco42@example.com','979c5f4368f3bd684c7877ee7b556600b094e1c8',85576598979),(18,'Kariane','Wiza','lubowitz.natasha@example.net','a9ad09cc6cff615dd97e79977c2b24eb9d5f92e1',83043412845),(19,'Urban','Becker','lakin.etha@example.org','c479f5cfb72abfff28b44118c31321e3ddb5a56c',88121743127),(20,'Delta','Gusikowski','moises.towne@example.net','b0375a29628a2aca2c633ca44f74b775c72305d4',85479316222),(21,'Mikel','Murazik','bruen.luisa@example.org','7a6778966d0e26750206f24f96b2df85ef85b8cd',83493706085),(22,'Osvaldo','Toy','wuckert.monte@example.net','88f982f4a424b3b8ff3e3a97fcc74781afc5dfcf',84376423195),(23,'Urban','Bergstrom','oberbrunner.angus@example.net','931cc9b5a9d716901d6a9175fa5528ef55c9bc4d',85598003934),(24,'Cole','Kuhlman','vandervort.mikayla@example.com','9b48a1870b6799aef6e652e287c16feed3666aa9',89114773510),(25,'Anthony','Davis','grant.randal@example.net','146164734412b50ab66f457c11e15931f14354df',89392861668),(26,'Eladio','Raynor','jo\'keefe@example.net','e0bbe71c3f89a351f2c00752b3b908bc9f2dc84c',86858389582),(27,'Anabelle','Haag','kluettgen@example.net','16820269caf45e1f86bd232eb9aec69974ce58ca',81513509443),(28,'Keaton','Mraz','kkreiger@example.com','68dc59b8dd40e2292b0e89ce14555dc6b304f7ba',89341625585),(29,'Rico','Wiegand','evan.metz@example.org','aa85012c1688d47104d6ce6872853e43fc86d9d7',83890691753),(30,'Everette','Hoeger','daphney.emmerich@example.org','58648a35e519789a8b945903caf4c2b315aff399',89821007950),(31,'Alden','Conroy','eddie39@example.com','ffeba9e4fa2ca0cc4f659c82aedd60b6fa51e3cf',80589240733),(32,'Jamil','Lubowitz','qweber@example.net','7264b2d6bd4261a25053283750cb16c1bea7e0f8',83936192118),(33,'Laury','Yundt','hirthe.misty@example.net','418fbdcd03a3721bc58d698891a945ff26b42170',85746678477),(34,'Haylie','Glover','luigi.nader@example.com','b9ccc5b16ddf29103333633ca03e97cd1f9a1217',86215314245),(35,'Morton','Rosenbaum','eliezer.buckridge@example.org','5902ab95b4f586247b077e86af12e1cb1d0751c1',85660139210),(36,'Kayleigh','Wuckert','lexie65@example.org','2f6611a64b06b179d23c939c97f3437f17ff3684',80042945714),(37,'Kelli','Herzog','dsimonis@example.net','867e1afdd785890d6ac56d311d748bb11ef18b54',85636303951),(38,'Raheem','Kassulke','md\'amore@example.org','0f6ebd637fcb040fdc6252d3a47f0877b88c31ef',83021586025),(39,'Markus','Greenfelder','hilma.schinner@example.com','26f3d9c088303c0a36293d732d4f12b1f15fb344',81954355058),(40,'Albin','Cruickshank','fhayes@example.net','be6ce1285f40ce84aa3e10b9bbe9f306401ec384',80045652021),(41,'Presley','Fisher','cody.goyette@example.com','0eb19d918324e9c7f861f894d8ac79dccefd2fc2',81042912164),(42,'August','Walker','hauck.kenny@example.org','76ee9a52adf8ec76f39caf61f36684d963c7b18d',82533847913),(43,'Britney','Balistreri','eaufderhar@example.net','4eb7ee419ce9b2d7519e1ef2a4d14533d88c3849',81647598510),(44,'Osborne','Rolfson','abagail61@example.net','4ec761cff2196541cd204daf4a1aec621df2b4f9',85595921748),(45,'Mose','Hand','eliezer.o\'reilly@example.org','ddb351ac3cc8453e151d0d6050a2d45a8a22e76c',81719501893),(46,'Sam','Streich','frederique63@example.net','2222849cae8b0910257cc36e21fdc86e0e7a75fd',87948194481),(47,'Jarrod','Hoppe','pconnelly@example.org','71a5a27453dcb16274fb057212c94f794c0c4ea0',80519651467),(48,'Monserrat','Willms','adelle44@example.net','788c9cfd9330d251217526e453518aa7ad559517',88589428816),(49,'Dylan','Deckow','morissette.amy@example.net','4ab8a83a4637907fd807f2e16e31ae2aa988ee1f',85556419524),(50,'Luther','Ankunding','terrence.lemke@example.org','02d6ac0f07c5ca8f331031573cba42cc7fdbab0e',80706033688),(51,'Ida','Hauck','walsh.lon@example.com','9ca8dff67c75be8424c85f397b21db4f6a4c9be0',86298589282),(52,'Dillan','Frami','nicolas.leonie@example.com','209928542a6025f56c316dd0d3be11216283bf08',86400825385),(53,'Norberto','Runolfsdottir','ruth.harber@example.com','fc38a71fe7e3d88b3d417c1eb7c0daf6ad49ed93',81106352098),(54,'Shana','Gottlieb','aditya00@example.net','936815b8ae81cf167c3c47c456ed5b5c6de59965',80014930265),(55,'Josie','Denesik','bbradtke@example.net','a79134622c6387a844e18ea37471004148faf5a5',82045827805),(56,'Leopoldo','Stokes','davis.orlo@example.org','b5785340302402325f69e56cf9908d9b9ebe6ebc',81526858736),(57,'Brooke','Cummerata','travis79@example.org','0ef7ef00312d215df6ffa5d57423e140a5f44a55',83035212131),(58,'Alvena','Schumm','jaida.auer@example.net','6f7a58a60e8651ef1d8234ae9912e5a5f31ed535',83255820018),(59,'Nasir','Tremblay','sabryna.grady@example.net','9ee44234c596bcd79328f25c07704fdca281ed87',81408342658),(60,'Alfonso','Tremblay','vreichert@example.net','a01cd7ea3927f0447acf3ca30c9dc9409461a900',80087110400),(61,'Leon','Morar','noel.ullrich@example.com','c221840bc6c0f813947a98afdeecbfa587faeeeb',81934308484),(62,'Larry','Goldner','emurray@example.org','3b2785da2c86e88103c6f90bf2097e917170d434',87490675267),(63,'Marina','Torphy','lenny90@example.org','b6badbb60040f8bd3a02d718432abf827f72e5b2',83517771931),(64,'Mollie','Farrell','jane.kuhlman@example.net','ec5507cee1f67677115e5614aadadbe90e7da221',87575109386),(65,'Elbert','Collier','jaylan60@example.net','1b5944fb8c44949ede05e1848ad8cf0949d74cda',89069842491),(66,'Rosamond','Bednar','pkonopelski@example.org','74122d578093c511aaad98a7c3170ae7bcad1991',81390748391),(67,'Mohammed','Osinski','pemard@example.com','1cb7c3a6592785d86d834159c45764a77ffa6fef',84367294642),(68,'Sterling','Koch','akunze@example.org','a74e4df36e184fdd8987f4f3c3962b41197dd208',89168120753),(69,'Lambert','Marks','devin.davis@example.com','5e5d491cc2ae6c8e2d7c1932f19cc1c7aaf514dc',82660610745),(70,'Jeanie','Dickens','lavina.ward@example.net','e5c37d47a0a7cfb872601891a80d5484aae90dcb',86893999637),(71,'Elwin','Ledner','htorphy@example.net','67d3da5230c3712280fb853fdfa00dd6ee056aae',86799868531),(72,'Kitty','Jones','chowe@example.com','016bfecfd5650bae4e49ebbbf7d9610e544ed309',87844091751),(73,'Althea','Koelpin','donna36@example.net','5e3203708804822d12cbb792abdfef5d31c3c443',82328886557),(74,'Prince','Ratke','greenfelder.orion@example.com','8262114596c4c0d1c79e8adc8c60632c971a0651',83100465149),(75,'Lukas','Kilback','vnienow@example.net','d868896a888b887aa372a0bc6c8d63a031719606',87780276238),(76,'Addison','Fadel','brant37@example.net','5ee64565c776add9097caa29ff2b52bc623d2236',89454958336),(77,'Clovis','Goldner','fstehr@example.com','d0953e6546ac7b2713f2555e4c7c0e46a7c779b6',89783160435),(78,'Newell','Sporer','uwaelchi@example.org','e321ad5e13fbe1bdba172786f8e14109ceb2eab7',89738401556),(79,'Asa','Greenholt','constance.brakus@example.net','f6bdbae334d4c201e3c1d4b6564556344615d4f1',87362296609),(80,'Catherine','Davis','lakin.dexter@example.com','6093d71a9967cd05e591283037c543520cf7b54c',88153012441),(81,'Abel','Rolfson','ohartmann@example.org','3a5052b963bde5268d4f24f7a7a0a8f64e03d0ab',80107292723),(82,'Britney','Bernier','camilla92@example.net','0684bda91e3040ac9fd5906ee2494ae1517ef1b8',81712983222),(83,'Nova','Von','jfeil@example.org','2ae65ee8ffe502d050dbb233d3cc5c6c7701ef71',88225060980),(84,'Colt','Blanda','sratke@example.com','3b55faa0b14ad18f03b163c02852486a095263d4',81929002907),(85,'Michale','Nienow','johnpaul14@example.net','75295d820d8c78e776185f4e74d722dc8fd63f9e',87330869571),(86,'Rachelle','Sawayn','zrippin@example.net','b492c6c500720340b34104b66e7106d730b4c3c6',85052785254),(87,'Sidney','Heller','mclaughlin.martine@example.com','fd3b830898f9d39024a2e17cbdd72cd4f05f27c4',80600543916),(88,'Margret','Hirthe','qsawayn@example.net','7a94c1f70fc095316f7534fdd401375326f6383f',82532072886),(89,'Kameron','Roberts','xkoss@example.net','28a74c296c999687f09536e111cab9d4329fb18f',85664373096),(90,'Luigi','Waelchi','emie.lemke@example.net','26b224ae51817afa08adf52654f34ac7a4a5f1be',82973654945),(91,'Shanon','Russel','enolan@example.org','1a0b413b0fc94ba1d31bb8165e5dce6dbcfc1f75',83312077564),(92,'Armando','Zboncak','gfeil@example.net','15671340ec9c4b692017325e0c91c6c4c90a385a',89572652126),(93,'Anahi','Wyman','kamren.bartoletti@example.net','1f3da539206a1cc5aadf97523d4f85e2d16f7cbc',81268848683),(94,'Bart','Corwin','grady.murazik@example.org','3469a2a53cfb87d1c4bf7a8aa71c308ae4609209',83845807956),(95,'Rosanna','Schowalter','austyn51@example.com','59419a69321e151d5f0c48e0ab7007a3ce679898',87728620776),(96,'Alexandro','Lang','lschimmel@example.org','09bdb739d9a450663801ec85065710cee4bd9627',87004179311),(97,'Luna','Heidenreich','providenci27@example.com','c14e110e87ba2d9d14901bfb2ca5745de6a8b40d',87749655479),(98,'Reinhold','Stanton','bartoletti.jess@example.org','b10857b9e532b69e4afc1c0265c380cfd888d500',84374261964),(99,'Sheridan','Boyle','weldon.kling@example.org','4f1fb0607647d559356b597d7eeda1e0db5c82fe',84554036343),(100,'Delta','Schuppe','pagac.alta@example.com','61089c0e0114a3377fb01e60c1c46b3a34a3b56b',86609625788);
/*!40000 ALTER TABLE `users` ENABLE KEYS */;
UNLOCK TABLES;

--
-- Table structure for table `users_communities`
--

DROP TABLE IF EXISTS `users_communities`;
/*!40101 SET @saved_cs_client     = @@character_set_client */;
/*!40101 SET character_set_client = utf8 */;
CREATE TABLE `users_communities` (
  `user_id` bigint(20) unsigned NOT NULL,
  `community_id` bigint(20) unsigned NOT NULL,
  PRIMARY KEY (`user_id`,`community_id`),
  KEY `community_id` (`community_id`),
  CONSTRAINT `users_communities_ibfk_1` FOREIGN KEY (`user_id`) REFERENCES `users` (`id`),
  CONSTRAINT `users_communities_ibfk_2` FOREIGN KEY (`community_id`) REFERENCES `communities` (`id`)
) ENGINE=InnoDB DEFAULT CHARSET=utf8mb4 COLLATE=utf8mb4_unicode_ci;
/*!40101 SET character_set_client = @saved_cs_client */;

--
-- Dumping data for table `users_communities`
--

LOCK TABLES `users_communities` WRITE;
/*!40000 ALTER TABLE `users_communities` DISABLE KEYS */;
INSERT INTO `users_communities` VALUES (1,1),(2,2),(3,3),(4,4),(5,5),(6,6),(7,7),(8,8),(9,9),(10,10),(11,11),(12,12),(13,13),(14,14),(15,15),(16,16),(17,17),(18,18),(19,19),(20,20),(21,21),(22,22),(23,23),(24,24),(25,25),(26,26),(27,27),(28,28),(29,29),(30,30),(31,31),(32,32),(33,33),(34,34),(35,35),(36,36),(37,37),(38,38),(39,39),(40,40),(41,41),(42,42),(43,43),(44,44),(45,45),(46,46),(47,47),(48,48),(49,49),(50,50),(51,51),(52,52),(53,53),(54,54),(55,55),(56,56),(57,57),(58,58),(59,59),(60,60),(61,61),(62,62),(63,63),(64,64),(65,65),(66,66),(67,67),(68,68),(69,69),(70,70),(71,71),(72,72),(73,73),(74,74),(75,75),(76,76),(77,77),(78,78),(79,79),(80,80),(81,81),(82,82),(83,83),(84,84),(85,85),(86,86),(87,87),(88,88),(89,89),(90,90),(91,91),(92,92),(93,93),(94,94),(95,95),(96,96),(97,97),(98,98),(99,99),(100,100);
/*!40000 ALTER TABLE `users_communities` ENABLE KEYS */;
UNLOCK TABLES;
/*!40103 SET TIME_ZONE=@OLD_TIME_ZONE */;

/*!40101 SET SQL_MODE=@OLD_SQL_MODE */;
/*!40014 SET FOREIGN_KEY_CHECKS=@OLD_FOREIGN_KEY_CHECKS */;
/*!40014 SET UNIQUE_CHECKS=@OLD_UNIQUE_CHECKS */;
/*!40101 SET CHARACTER_SET_CLIENT=@OLD_CHARACTER_SET_CLIENT */;
/*!40101 SET CHARACTER_SET_RESULTS=@OLD_CHARACTER_SET_RESULTS */;
/*!40101 SET COLLATION_CONNECTION=@OLD_COLLATION_CONNECTION */;
/*!40111 SET SQL_NOTES=@OLD_SQL_NOTES */;

-- Dump completed on 2021-06-30  7:27:45
